id,性别,民族,年龄,学历,在职离职,工作经验,服务范围,评价,金额,服务类型
1.0,女,汉,55.0,2.0,IN,2.8,"经区,环翠区",3.3,3500.0,1
2.0,女,汉,46.0,2.0,IN,9.2,"经区,环翠区",1.31,3000.0,1
4.0,女,汉,48.0,3.0,IN,1.8,"经区,高区,环翠区,其他",3.6,7880.0,1
6.0,女,汉,52.0,3.0,IN,6.6,"经区,环翠区",2.48,3500.0,1
8.0,女,汉,48.0,4.0,IN,6.1,"经区,环翠区",4.8,3500.0,1
9.0,女,汉,45.0,4.0,IN,7.9,"经区,环翠区",4.86,5086.0,1
15.0,女,汉,40.0,3.0,IN,2.7,"经区,高区,环翠区",3.9,6380.0,1
18.0,女,汉,54.0,2.0,OFF,4.1,环翠区,4.04,3000.0,1
19.0,女,汉,35.0,0.0,IN,8.6,高区,2.0,3200.0,1
20.0,女,汉,48.0,0.0,OFF,4.0,经区,2.49,1800.0,1
21.0,女,汉,54.0,0.0,IN,2.1,高区,1.08,4250.0,1
23.0,女,汉,58.0,0.0,OFF,7.1,环翠区,1.65,3500.0,1
24.0,女,汉,35.0,0.0,IN,0.6,经区,4.41,2000.0,1
25.0,女,汉,55.0,0.0,IN,5.4,"高区,环翠区",4.38,3000.0,1
27.0,女,汉,53.0,0.0,IN,8.2,"高区,环翠区",1.91,2600.0,1
28.0,女,汉,55.0,0.0,IN,1.7,环翠区,4.45,2400.0,1
30.0,女,汉,55.0,3.0,IN,3.9,"高区,环翠区",3.03,3250.0,1
32.0,女,汉,44.0,3.0,IN,5.4,"高区,环翠区",2.41,3250.0,1
34.0,女,汉,53.0,2.0,IN,4.2,"经区,高区,环翠区",3.94,3750.0,1
35.0,男,汉,58.0,2.0,IN,7.9,"经区,高区,环翠区",2.0,3750.0,1
37.0,女,汉,48.0,0.0,IN,7.0,高区,3.52,2500.0,1
38.0,女,汉,52.0,2.0,IN,6.0,"经区,环翠区",4.92,4000.0,1
39.0,女,汉,49.0,2.0,IN,6.1,"经区,高区,环翠区",4.32,3500.0,1
40.0,女,汉,55.0,2.0,IN,1.9,"经区,环翠区",4.91,3500.0,1
42.0,女,汉,48.0,2.0,IN,9.5,"高区,环翠区",2.53,3750.0,1
46.0,女,满族,57.0,2.0,IN,2.9,"经区,高区,环翠区",1.06,3750.0,1
47.0,女,汉,54.0,2.0,IN,9.7,"高区,环翠区",2.03,3750.0,1
48.0,女,汉,53.0,3.0,IN,8.1,"高区,环翠区",4.35,3250.0,1
49.0,女,汉,50.0,3.0,IN,9.8,"高区,环翠区",4.54,3250.0,1
50.0,女,汉,53.0,2.0,IN,0.8,"经区,高区,环翠区",3.33,3500.0,1
52.0,女,汉,50.0,2.0,IN,7.2,"高区,环翠区",4.06,3250.0,1
54.0,女,汉,51.0,2.0,IN,9.2,"高区,环翠区",1.25,3750.0,1
58.0,女,汉,59.0,2.0,IN,2.8,"经区,高区,环翠区",3.94,3750.0,1
60.0,女,汉,55.0,3.0,IN,2.7,"经区,高区,环翠区",2.49,3750.0,1
61.0,女,汉,59.0,2.0,IN,5.1,"高区,环翠区",4.6,3250.0,1
62.0,女,汉,51.0,2.0,IN,2.3,"高区,环翠区",2.73,3750.0,1
63.0,女,汉,52.0,2.0,IN,4.6,"高区,环翠区",3.1,3250.0,1
64.0,女,汉,55.0,2.0,IN,9.7,"高区,环翠区",3.33,3250.0,1
65.0,女,汉,57.0,0.0,IN,3.5,"高区,环翠区",2.0,2100.0,1
66.0,女,汉,55.0,0.0,IN,3.2,"高区,环翠区",4.04,2100.0,1
67.0,女,汉,40.0,3.0,IN,7.6,"经区,高区,环翠区",1.16,3750.0,1
68.0,女,汉,58.0,0.0,IN,8.7,高区,1.5,3250.0,1
69.0,女,新疆,45.0,3.0,IN,8.9,"经区,高区,环翠区",3.96,3750.0,1
70.0,女,汉,60.0,2.0,IN,4.9,高区,1.18,3000.0,1
71.0,女,汉,54.0,2.0,IN,8.3,"经区,环翠区",3.29,3000.0,1
73.0,女,汉,53.0,3.0,IN,7.4,"高区,环翠区",1.03,3250.0,1
74.0,女,汉,55.0,3.0,IN,4.7,"高区,环翠区",2.78,3250.0,1
75.0,女,汉,58.0,2.0,IN,5.0,"经区,高区,环翠区",3.77,3750.0,1
76.0,女,汉,55.0,2.0,IN,5.2,"高区,环翠区",2.48,3750.0,1
77.0,女,汉,59.0,2.0,IN,7.3,"高区,环翠区",3.95,3750.0,1
78.0,女,汉,56.0,2.0,IN,8.5,"经区,高区,环翠区",1.44,3250.0,1
79.0,女,汉,46.0,3.0,IN,9.7,"经区,高区,环翠区",2.46,3750.0,1
80.0,女,汉,51.0,2.0,IN,4.5,"经区,高区,环翠区",2.18,3800.0,1
81.0,女,汉,53.0,2.0,IN,2.5,"经区,高区,环翠区",3.03,3500.0,1
82.0,女,汉,50.0,3.0,IN,4.2,"高区,环翠区",4.3,3250.0,1
83.0,女,汉,53.0,2.0,IN,8.4,"高区,环翠区",1.63,3750.0,1
84.0,女,汉,55.0,2.0,IN,8.4,"经区,高区,环翠区",2.4,3750.0,1
85.0,女,汉,57.0,2.0,IN,1.4,"高区,环翠区",3.33,3250.0,1
86.0,女,汉,54.0,2.0,IN,3.5,"高区,环翠区",2.26,3250.0,1
87.0,女,汉,56.0,2.0,IN,3.9,"高区,环翠区",2.32,3250.0,1
94.0,女,汉,49.0,3.0,IN,1.8,"经区,高区,环翠区",4.72,3800.0,1
95.0,女,汉,46.0,3.0,IN,8.6,"经区,高区,环翠区,其他",1.13,3500.0,1
96.0,女,汉,43.0,3.0,IN,5.5,"经区,高区,环翠区",3.82,3500.0,1
97.0,女,汉,44.0,3.0,IN,0.3,"经区,高区,环翠区",2.36,2600.0,1
98.0,女,汉,49.0,2.0,IN,1.8,"经区,高区,环翠区",2.07,2800.0,1
99.0,女,汉,44.0,3.0,IN,4.1,"经区,高区,环翠区,其他",1.14,5920.0,1
100.0,女,汉,42.0,2.0,IN,1.5,"经区,环翠区",2.35,2000.0,1
101.0,女,汉,59.0,0.0,IN,0.8,环翠区,4.63,3500.0,1
102.0,女,汉,48.0,4.0,IN,7.4,"经区,高区,环翠区",1.23,6000.0,1
103.0,女,汉,50.0,0.0,IN,10.0,环翠区,4.77,2000.0,1
104.0,女,汉,59.0,0.0,IN,3.7,环翠区,1.66,3300.0,1
105.0,女,汉,46.0,2.0,IN,5.3,"经区,高区,环翠区",4.16,3750.0,1
106.0,女,汉,57.0,0.0,IN,2.9,环翠区,1.4,6000.0,1
107.0,女,汉,60.0,0.0,IN,6.2,"环翠区,其他",3.21,3500.0,1
108.0,女,汉,47.0,0.0,IN,1.5,环翠区,1.81,4000.0,1
109.0,女,汉,45.0,2.0,IN,1.4,"高区,环翠区",2.87,3750.0,1
110.0,女,汉,51.0,0.0,IN,3.0,环翠区,3.76,3500.0,1
111.0,女,汉,64.0,0.0,OFF,2.0,环翠区,2.34,3000.0,1
113.0,女,汉,54.0,0.0,IN,1.5,环翠区,3.06,5500.0,1
114.0,女,汉,55.0,2.0,IN,0.3,"高区,环翠区",4.44,3250.0,1
115.0,女,汉,53.0,2.0,IN,9.1,"高区,环翠区",3.54,3250.0,1
116.0,女,汉,55.0,3.0,IN,9.5,"经区,高区,环翠区",3.89,3750.0,1
117.0,女,汉,51.0,2.0,IN,0.6,"经区,高区,环翠区",4.41,12800.0,1
118.0,女,汉,54.0,0.0,IN,3.8,"环翠区,其他",4.67,3500.0,1
119.0,女,汉,37.0,3.0,IN,4.4,"经区,高区,环翠区",3.7,4000.0,1
120.0,女,汉,54.0,0.0,IN,6.5,环翠区,2.44,5800.0,1
121.0,女,汉,48.0,3.0,IN,0.1,"经区,环翠区,其他",4.36,3900.0,1
122.0,女,汉,52.0,0.0,OFF,4.3,环翠区,4.08,4250.0,1
124.0,女,汉,51.0,0.0,IN,1.3,环翠区,2.59,1800.0,1
125.0,女,汉,60.0,0.0,OFF,5.2,环翠区,3.69,2400.0,1
126.0,女,汉,56.0,0.0,OFF,8.4,环翠区,1.19,3400.0,1
127.0,女,汉,56.0,0.0,IN,8.3,高区,3.7,3250.0,1
128.0,女,汉,52.0,0.0,IN,5.8,环翠区,2.58,3500.0,1
129.0,女,汉,54.0,0.0,IN,6.2,经区,2.49,2000.0,1
130.0,女,汉,65.0,0.0,IN,8.5,环翠区,1.18,3000.0,1
131.0,女,汉,54.0,0.0,IN,3.1,经区,4.08,4250.0,1
132.0,女,汉,53.0,0.0,OFF,3.7,环翠区,5.0,3800.0,1
133.0,女,汉,53.0,0.0,IN,6.4,"环翠区,其他",2.88,2000.0,1
134.0,女,汉,56.0,0.0,OFF,5.5,环翠区,3.24,3000.0,1
135.0,女,汉,57.0,0.0,IN,6.9,环翠区,4.92,3000.0,1
137.0,女,汉,54.0,0.0,OFF,2.3,环翠区,4.46,3000.0,1
138.0,女,汉,48.0,0.0,IN,4.8,经区,1.72,2800.0,1
139.0,女,汉,53.0,0.0,IN,9.5,环翠区,2.3,2100.0,1
140.0,女,汉,54.0,0.0,IN,1.4,"环翠区,其他",2.45,3000.0,1
142.0,女,汉,53.0,0.0,IN,3.7,"环翠区,其他",4.61,3000.0,1
144.0,女,汉,49.0,0.0,IN,5.8,"环翠区,其他",2.55,3500.0,1
145.0,女,汉,55.0,0.0,IN,2.4,环翠区,2.17,3500.0,1
146.0,女,汉,52.0,0.0,IN,6.3,"环翠区,其他",2.99,3000.0,1
147.0,女,汉,55.0,0.0,IN,0.7,环翠区,3.67,3500.0,1
148.0,女,汉,44.0,0.0,IN,9.9,"环翠区,其他",4.36,3600.0,1
149.0,女,汉,57.0,0.0,IN,9.7,"经区,环翠区",3.31,3200.0,1
151.0,女,汉,57.0,0.0,IN,2.0,环翠区,1.97,3000.0,1
152.0,女,汉,48.0,2.0,IN,6.9,"经区,高区,环翠区",3.73,3250.0,1
153.0,女,汉,50.0,2.0,IN,3.7,"经区,高区,环翠区",2.9,5690.0,1
154.0,女,汉,47.0,2.0,IN,3.2,"经区,高区,环翠区",1.31,5800.0,1
155.0,女,汉,53.0,2.0,IN,2.6,"经区,高区,环翠区",1.45,3400.0,1
156.0,女,汉,49.0,2.0,IN,7.4,"经区,高区,环翠区",4.36,4000.0,1
159.0,女,汉,32.0,2.0,IN,7.4,"经区,高区,环翠区",1.55,5800.0,1
160.0,女,汉,45.0,2.0,IN,1.4,"经区,高区,环翠区",2.5,6000.0,1
161.0,女,汉,46.0,2.0,IN,3.4,"经区,高区,环翠区",1.23,2800.0,1
162.0,女,汉,46.0,2.0,IN,9.5,"经区,高区,环翠区",2.47,3000.0,1
163.0,女,汉,49.0,2.0,IN,6.8,"经区,高区,环翠区,其他",4.51,2000.0,1
164.0,女,汉,52.0,3.0,IN,9.2,"经区,高区,环翠区",3.21,2800.0,1
165.0,女,汉,54.0,4.0,IN,1.8,"经区,高区,环翠区",3.28,5500.0,1
167.0,女,汉,51.0,0.0,IN,4.8,"经区,高区",3.23,4500.0,1
169.0,女,汉,49.0,2.0,IN,4.1,"经区,环翠区",3.17,6440.0,1
170.0,女,汉,44.0,3.0,IN,8.2,"经区,高区,环翠区,其他",1.21,4600.0,1
171.0,女,汉,52.0,2.0,IN,4.6,"经区,高区,环翠区",4.9,3500.0,1
173.0,女,汉,50.0,0.0,IN,2.8,高区,3.28,4500.0,1
176.0,女,汉,44.0,2.0,IN,6.4,"经区,高区,环翠区",2.48,2500.0,1
179.0,女,汉,60.0,0.0,IN,0.6,环翠区,3.52,6000.0,1
181.0,女,汉,52.0,3.0,IN,1.6,"经区,环翠区",3.18,4600.0,1
183.0,女,汉,55.0,0.0,IN,5.5,环翠区,4.91,2800.0,1
184.0,女,汉,51.0,0.0,IN,10.0,环翠区,2.63,1800.0,1
185.0,女,汉,55.0,0.0,IN,4.6,环翠区,3.54,2600.0,1
186.0,女,汉,53.0,0.0,IN,7.9,环翠区,4.46,3500.0,1
187.0,女,汉,52.0,0.0,IN,8.5,环翠区,3.2,3250.0,1
188.0,女,汉,66.0,0.0,IN,1.0,环翠区,3.48,3900.0,1
189.0,女,汉,63.0,0.0,IN,5.2,环翠区,3.26,2600.0,1
190.0,女,汉,53.0,2.0,IN,9.7,"经区,环翠区",2.61,3500.0,1
191.0,女,汉,46.0,2.0,IN,4.8,"经区,环翠区",2.39,3500.0,1
194.0,女,汉,59.0,2.0,IN,6.3,"高区,环翠区",4.71,3250.0,1
195.0,女,汉,44.0,2.0,IN,5.2,"高区,环翠区",3.47,3250.0,1
196.0,女,汉,48.0,1.0,IN,1.7,"高区,环翠区",1.63,3750.0,1
197.0,女,汉,47.0,1.0,IN,2.3,"高区,环翠区",3.94,3250.0,1
198.0,女,汉,57.0,2.0,IN,0.9,"经区,高区,环翠区",4.08,3750.0,1
199.0,女,汉,50.0,2.0,IN,0.4,"高区,环翠区",4.77,3250.0,1
200.0,女,汉,51.0,1.0,IN,2.4,"高区,环翠区",1.95,3250.0,1
201.0,女,汉,55.0,2.0,IN,3.2,"经区,高区,环翠区",4.65,3750.0,1
204.0,女,汉,52.0,2.0,IN,0.1,"经区,高区,环翠区",4.39,4250.0,1
205.0,女,汉,52.0,3.0,IN,5.1,"经区,高区,环翠区,其他",2.82,3400.0,1
206.0,女,汉,45.0,3.0,IN,2.3,"经区,高区,环翠区,其他",4.79,4000.0,1
207.0,女,汉,60.0,2.0,IN,3.9,"经区,高区,环翠区",3.69,3750.0,1
208.0,女,汉,43.0,0.0,IN,5.2,"经区,高区,环翠区,其他",2.0,2600.0,1
209.0,女,汉,56.0,0.0,IN,5.9,高区,2.02,2100.0,1
210.0,女,汉,50.0,0.0,IN,8.4,高区,1.54,3750.0,1
212.0,女,汉,56.0,0.0,IN,7.3,"经区,环翠区",3.49,3250.0,1
213.0,女,汉,54.0,0.0,IN,8.5,"高区,环翠区",4.7,2100.0,1
214.0,女,汉,53.0,0.0,IN,2.4,"高区,环翠区",3.69,2100.0,1
215.0,女,汉,56.0,0.0,IN,8.7,高区,3.25,3250.0,1
216.0,女,汉,53.0,0.0,IN,4.9,高区,4.81,2100.0,1
217.0,女,汉,44.0,0.0,IN,2.9,经区,3.54,3250.0,1
218.0,女,汉,46.0,3.0,IN,9.1,"经区,高区,环翠区",1.5,4250.0,1
219.0,女,汉,53.0,0.0,IN,7.0,高区,1.0,3250.0,1
220.0,女,汉,56.0,0.0,IN,5.5,"高区,环翠区",4.0,5000.0,1
221.0,女,汉,35.0,0.0,IN,7.4,高区,4.42,3250.0,1
222.0,女,汉,50.0,3.0,IN,3.0,"经区,其他",2.3,3500.0,1
223.0,女,汉,51.0,0.0,IN,6.2,经区,1.44,2100.0,1
224.0,女,汉,56.0,0.0,IN,0.2,"高区,环翠区",3.05,3250.0,1
225.0,女,汉,40.0,0.0,IN,6.7,"高区,环翠区",1.16,3250.0,1
226.0,女,汉,55.0,0.0,IN,8.7,环翠区,4.99,3000.0,1
227.0,女,汉,55.0,0.0,IN,9.5,"高区,环翠区",4.17,2100.0,1
228.0,女,汉,51.0,0.0,IN,7.2,"高区,环翠区",2.39,3000.0,1
229.0,女,汉,60.0,0.0,IN,9.3,其他,2.83,3000.0,1
230.0,女,汉,59.0,0.0,IN,1.6,"高区,环翠区",3.87,3250.0,1
231.0,女,汉,52.0,0.0,IN,0.4,"高区,环翠区",2.72,3250.0,1
232.0,女,汉,55.0,2.0,IN,0.9,高区,2.41,3250.0,1
233.0,女,汉,52.0,3.0,IN,4.3,"经区,高区,环翠区",1.61,3750.0,1
235.0,女,汉,45.0,3.0,IN,2.9,"经区,高区,环翠区",2.46,3300.0,1
236.0,女,汉,35.0,3.0,IN,9.9,"经区,高区,环翠区,其他",2.09,3300.0,1
240.0,女,汉,53.0,2.0,IN,9.8,"高区,环翠区",3.67,3250.0,1
241.0,女,汉,55.0,2.0,IN,2.0,经区,2.7,3750.0,1
242.0,女,汉,37.0,2.0,IN,5.2,"经区,高区",4.04,3250.0,1
243.0,女,汉,48.0,2.0,IN,1.5,"高区,环翠区",3.02,3750.0,1
244.0,女,汉,59.0,2.0,IN,9.1,"经区,高区,环翠区",3.51,3750.0,1
245.0,女,汉,58.0,2.0,IN,7.1,"经区,高区,环翠区",4.06,3250.0,1
246.0,女,汉,53.0,2.0,IN,3.8,"经区,高区,环翠区",3.29,3250.0,1
247.0,女,汉,57.0,2.0,IN,3.8,"高区,环翠区",2.82,3250.0,1
248.0,女,汉,54.0,2.0,IN,8.7,"高区,环翠区",1.21,3750.0,1
249.0,女,汉,54.0,2.0,IN,8.0,"高区,环翠区",3.02,3250.0,1
250.0,女,汉,53.0,2.0,IN,0.7,"高区,环翠区",2.18,3250.0,1
251.0,女,汉,59.0,2.0,IN,5.4,"经区,高区,环翠区",2.65,3750.0,1
252.0,女,汉,58.0,2.0,IN,1.1,"经区,高区,环翠区",3.82,3250.0,1
253.0,女,汉,50.0,1.0,IN,5.9,"经区,高区,环翠区",1.72,3250.0,1
257.0,女,汉,49.0,3.0,IN,5.8,"经区,高区,环翠区",3.54,3600.0,1
278.0,女,汉,50.0,2.0,IN,4.8,"经区,高区,环翠区",3.04,2100.0,1
279.0,女,汉,49.0,3.0,IN,7.8,"经区,高区,环翠区",1.35,3200.0,1
280.0,女,汉,34.0,2.0,IN,4.8,"经区,高区,环翠区",1.15,3200.0,1
281.0,女,汉,45.0,3.0,IN,3.8,"经区,高区,环翠区",2.66,4250.0,1
282.0,女,汉,44.0,3.0,IN,2.1,"经区,高区,环翠区",2.16,3750.0,1
283.0,女,汉,42.0,4.0,IN,9.4,"经区,高区,环翠区",3.2,4600.0,1
284.0,女,汉,40.0,2.0,IN,4.1,"经区,高区,环翠区",3.82,6000.0,1
285.0,女,汉,53.0,3.0,OFF,7.3,"经区,高区,环翠区",3.1,4800.0,1
286.0,女,汉,45.0,2.0,IN,8.1,"经区,高区,环翠区",4.89,4250.0,1
287.0,女,汉,54.0,2.0,IN,4.2,"经区,高区,环翠区",2.6,3600.0,1
288.0,女,汉,51.0,4.0,IN,5.8,"经区,高区,环翠区",4.18,3900.0,1
289.0,女,汉,44.0,4.0,IN,1.9,"经区,高区,环翠区",3.24,4000.0,1
290.0,女,汉,49.0,3.0,IN,5.2,"经区,高区",1.04,3400.0,1
291.0,女,汉,36.0,4.0,IN,4.5,"经区,高区,环翠区",1.7,2800.0,1
292.0,女,汉,52.0,3.0,IN,5.9,"经区,高区,环翠区",1.27,2800.0,1
293.0,女,汉,54.0,2.0,IN,9.6,"经区,高区,环翠区",4.43,3900.0,1
294.0,女,汉,55.0,0.0,IN,9.2,"经区,高区,环翠区",2.85,2800.0,1
295.0,女,汉,41.0,2.0,IN,0.5,"经区,高区,环翠区",4.24,6000.0,1
296.0,女,汉,50.0,2.0,IN,3.8,"经区,高区,环翠区",1.49,3400.0,1
297.0,女,汉,47.0,3.0,IN,3.9,"经区,高区,环翠区",3.66,2500.0,1
298.0,女,汉,51.0,2.0,IN,4.2,"经区,高区,环翠区",2.59,3900.0,1
299.0,女,汉,48.0,2.0,IN,9.3,"经区,高区,环翠区",4.92,2100.0,1
301.0,女,汉,55.0,0.0,IN,7.7,高区,3.96,3250.0,1
302.0,男,汉,60.0,0.0,IN,1.7,"经区,高区",4.01,4250.0,1
303.0,女,汉,49.0,0.0,IN,8.8,"经区,高区",4.4,5000.0,1
304.0,女,汉,55.0,0.0,IN,6.0,"经区,高区,环翠区",3.02,4250.0,1
305.0,女,汉,44.0,0.0,IN,4.0,"高区,环翠区",4.29,3750.0,1
306.0,女,汉,55.0,0.0,IN,3.4,经区,3.57,4250.0,1
307.0,女,汉,56.0,0.0,IN,7.3,经区,3.14,3250.0,1
308.0,女,汉,60.0,0.0,IN,1.7,高区,2.47,3250.0,1
309.0,女,汉,36.0,0.0,IN,8.8,高区,3.74,3000.0,1
310.0,女,汉,43.0,2.0,IN,2.1,高区,1.49,2500.0,1
311.0,女,汉,60.0,1.0,IN,4.7,其他,3.31,3750.0,1
312.0,女,汉,38.0,1.0,IN,6.9,高区,1.7,3250.0,1
313.0,女,汉,54.0,2.0,IN,3.0,高区,4.26,3750.0,1
314.0,女,汉,55.0,2.0,IN,3.3,其他,1.75,3750.0,1
315.0,女,汉,56.0,0.0,IN,0.2,高区,1.28,3250.0,1
316.0,女,汉,54.0,2.0,IN,8.9,其他,3.02,3250.0,1
317.0,女,汉,50.0,0.0,IN,9.2,高区,1.54,3250.0,1
318.0,女,汉,52.0,2.0,IN,9.1,高区,4.78,3250.0,1
319.0,女,汉,54.0,0.0,IN,2.5,经区,2.82,3750.0,1
320.0,女,汉,45.0,2.0,IN,0.7,其他,1.48,3750.0,1
322.0,女,汉,63.0,2.0,IN,0.4,高区,1.94,3250.0,1
324.0,女,汉,52.0,2.0,IN,0.7,高区,2.09,3250.0,1
325.0,女,汉,60.0,0.0,IN,8.7,其他,4.9,3250.0,1
326.0,女,汉,55.0,2.0,IN,2.8,高区,3.49,3250.0,1
327.0,女,汉,58.0,0.0,IN,3.2,经区,1.11,3250.0,1
328.0,女,汉,50.0,2.0,IN,2.8,其他,2.13,3750.0,1
329.0,女,汉,52.0,2.0,IN,6.6,其他,3.45,3250.0,1
330.0,女,汉,62.0,0.0,IN,9.3,高区,1.79,3000.0,1
331.0,女,汉,51.0,2.0,IN,1.5,其他,2.75,3250.0,1
332.0,女,汉,46.0,0.0,IN,0.8,高区,4.33,2500.0,1
333.0,女,汉,50.0,2.0,IN,1.1,其他,2.85,3750.0,1
336.0,女,汉,48.0,0.0,IN,5.4,高区,3.24,3250.0,1
338.0,女,汉,55.0,0.0,IN,9.0,经区,4.49,3500.0,1
339.0,女,汉,49.0,2.0,IN,5.6,其他,2.23,3750.0,1
341.0,女,汉,52.0,2.0,IN,0.9,其他,1.92,3900.0,1
342.0,女,汉,48.0,2.0,IN,2.8,其他,3.95,3900.0,1
343.0,女,汉,55.0,3.0,IN,2.1,高区,4.98,3250.0,1
349.0,女,汉,48.0,0.0,IN,2.7,其他,4.9,3750.0,1
350.0,男,汉,24.0,3.0,IN,7.9,"高区,环翠区",3.89,2400.0,1
351.0,女,汉,59.0,2.0,IN,4.5,高区,4.44,3250.0,1
352.0,女,汉,50.0,3.0,IN,6.1,其他,4.14,3000.0,1
353.0,女,汉,53.0,0.0,IN,2.3,环翠区,4.79,2000.0,1
354.0,女,汉,55.0,0.0,IN,5.5,环翠区,2.78,2000.0,1
355.0,女,汉,58.0,0.0,IN,4.9,环翠区,2.65,3500.0,1
356.0,女,汉,57.0,0.0,IN,9.3,高区,4.39,3000.0,1
357.0,女,汉,56.0,0.0,IN,2.0,其他,2.54,3000.0,1
358.0,女,汉,57.0,0.0,IN,0.6,其他,2.74,3000.0,1
359.0,女,汉,57.0,3.0,IN,4.1,高区,3.66,3000.0,1
360.0,女,汉,48.0,0.0,IN,1.6,经区,2.87,2000.0,1
361.0,女,汉,48.0,0.0,IN,5.6,高区,3.42,3000.0,1
362.0,女,汉,52.0,3.0,IN,8.6,经区,3.14,3000.0,1
363.0,女,汉,48.0,0.0,IN,5.0,环翠区,2.37,4000.0,1
364.0,女,汉,52.0,3.0,IN,9.5,高区,2.11,3500.0,1
365.0,女,汉,58.0,2.0,IN,1.3,高区,3.72,3000.0,1
367.0,女,汉,57.0,3.0,IN,2.6,经区,3.59,3000.0,1
368.0,女,汉,53.0,2.0,IN,3.7,经区,2.12,3500.0,1
369.0,女,汉,57.0,0.0,IN,5.6,环翠区,2.11,2000.0,1
370.0,女,汉,64.0,0.0,IN,6.6,其他,1.45,3500.0,1
371.0,女,汉,57.0,3.0,IN,0.5,环翠区,2.85,2000.0,1
372.0,女,汉,60.0,2.0,IN,4.3,其他,2.17,3000.0,1
373.0,女,汉,49.0,2.0,IN,1.3,经区,3.01,3750.0,1
374.0,女,汉,50.0,3.0,IN,2.0,其他,2.06,3000.0,1
375.0,女,汉,52.0,2.0,IN,8.0,其他,2.45,3000.0,1
376.0,女,汉,54.0,2.0,IN,7.8,其他,1.62,3250.0,1
377.0,女,汉,52.0,3.0,IN,7.7,高区,3.18,3200.0,1
381.0,女,汉,54.0,0.0,IN,2.3,高区,4.64,3500.0,1
382.0,女,汉,60.0,0.0,IN,9.6,"经区,高区,环翠区,其他",1.92,3000.0,1
384.0,女,汉,48.0,3.0,IN,2.6,"经区,高区,环翠区,其他",4.9,5000.0,1
385.0,女,汉,49.0,2.0,IN,0.2,"经区,高区,环翠区,其他",5.0,5500.0,1
387.0,女,汉,48.0,2.0,IN,3.8,"经区,高区,环翠区,其他",1.13,3300.0,1
388.0,女,汉,42.0,3.0,IN,5.8,"经区,环翠区",2.63,3500.0,1
389.0,女,汉,54.0,0.0,IN,8.5,高区,2.82,4000.0,1
390.0,女,汉,43.0,3.0,IN,6.0,"经区,高区,环翠区",3.04,4500.0,1
392.0,女,汉,52.0,0.0,IN,5.0,"经区,高区,环翠区",1.08,5000.0,1
394.0,女,汉,42.0,2.0,IN,1.4,高区,1.29,4000.0,1
395.0,女,汉,48.0,2.0,IN,0.6,其他,3.02,4000.0,1
396.0,女,汉,54.0,2.0,IN,0.8,高区,4.11,3000.0,1
397.0,女,汉,47.0,3.0,IN,9.5,"经区,高区,环翠区",3.87,5500.0,1
398.0,女,汉,48.0,2.0,IN,7.2,"经区,高区,环翠区",4.19,5000.0,1
399.0,女,汉,50.0,2.0,IN,6.6,"经区,高区,环翠区",4.2,4800.0,1
400.0,女,汉,49.0,2.0,IN,4.0,"经区,高区,环翠区",4.32,3250.0,1
401.0,女,汉,48.0,3.0,IN,4.6,"经区,高区,环翠区",2.55,2000.0,1
402.0,女,汉,48.0,2.0,IN,3.9,"经区,高区",2.04,3500.0,1
403.0,女,汉,36.0,2.0,IN,2.4,"经区,高区,环翠区",1.74,6993.0,1
404.0,女,汉,54.0,0.0,IN,8.8,"经区,高区,环翠区",4.4,6000.0,1
405.0,女,汉,34.0,3.0,IN,4.9,"经区,高区,环翠区",4.09,6233.0,1
407.0,女,汉,48.0,0.0,IN,7.6,高区,2.5,3000.0,1
408.0,女,汉,50.0,0.0,IN,4.5,"高区,环翠区",3.67,3000.0,1
409.0,女,汉,60.0,2.0,IN,2.1,"经区,高区,环翠区,其他",4.85,3000.0,1
410.0,女,汉,40.0,3.0,IN,4.0,"经区,高区",3.75,3300.0,1
411.0,女,汉,54.0,3.0,IN,1.3,"经区,高区,环翠区,其他",2.15,2800.0,1
412.0,女,汉,60.0,2.0,IN,1.4,"经区,高区,环翠区",2.82,3800.0,1
413.0,女,汉,59.0,0.0,IN,3.9,"经区,高区,环翠区",3.36,2000.0,1
414.0,女,汉,55.0,2.0,IN,9.3,"经区,高区,环翠区",2.47,3500.0,1
415.0,女,汉,55.0,0.0,IN,8.3,"经区,高区,环翠区,其他",3.89,4000.0,1
416.0,女,汉,38.0,3.0,IN,0.2,"经区,高区,环翠区",4.23,3500.0,1
417.0,女,汉,46.0,0.0,IN,8.7,"经区,高区,环翠区",2.15,3000.0,1
418.0,女,汉,57.0,0.0,IN,7.1,"经区,高区,环翠区",3.28,4000.0,1
419.0,女,汉,53.0,0.0,IN,3.4,"经区,高区,环翠区",4.04,5000.0,1
420.0,女,汉,47.0,2.0,IN,1.5,"经区,高区,环翠区",1.2,5000.0,1
421.0,女,汉,48.0,3.0,IN,5.6,"经区,高区,环翠区",2.63,3500.0,1
422.0,女,汉,51.0,3.0,IN,1.6,"高区,环翠区",3.43,3500.0,1
423.0,女,汉,52.0,3.0,IN,9.9,"经区,高区,环翠区",1.34,5000.0,1
424.0,女,汉,48.0,2.0,IN,8.2,"经区,环翠区",1.51,3800.0,1
425.0,女,汉,51.0,3.0,IN,4.1,"高区,环翠区,其他",4.98,3000.0,1
427.0,女,汉,39.0,3.0,IN,5.5,"经区,环翠区",4.25,5000.0,1
428.0,女,汉,48.0,2.0,IN,4.6,"经区,高区,环翠区",3.13,3500.0,1
429.0,女,汉,46.0,2.0,IN,0.5,"经区,环翠区",2.17,3500.0,1
430.0,女,汉,53.0,0.0,IN,9.6,"经区,高区,环翠区",1.96,6990.0,1
431.0,女,汉,52.0,2.0,IN,7.8,"高区,环翠区",1.52,3900.0,1
432.0,女,汉,50.0,2.0,IN,1.6,"高区,环翠区",3.7,3600.0,1
433.0,女,汉,45.0,0.0,IN,7.9,"高区,环翠区",2.33,3800.0,1
434.0,女,汉,50.0,2.0,IN,3.0,"高区,环翠区",1.6,3500.0,1
436.0,男,汉,48.0,2.0,IN,2.6,"经区,高区,环翠区",2.41,5500.0,1
437.0,女,汉,49.0,2.0,IN,8.4,"经区,高区,环翠区",3.66,3500.0,1
438.0,女,汉,49.0,2.0,IN,1.6,"经区,高区,环翠区",1.09,4800.0,1
439.0,女,汉,40.0,2.0,IN,6.7,"经区,环翠区",2.98,3500.0,1
440.0,女,汉,56.0,1.0,IN,6.0,高区,1.81,3000.0,1
801.0,女,汉,51.0,5.0,IN,4.4,高区,3.19,3000.0,1
806.0,女,汉,39.0,5.0,IN,3.4,高区,4.25,3000.0,1
807.0,女,汉,36.0,5.0,IN,9.5,高区,4.13,3000.0,1
808.0,女,汉,39.0,5.0,IN,5.3,高区,2.4,3000.0,1
809.0,女,汉,42.0,5.0,IN,9.3,高区,1.37,3000.0,1
810.0,女,汉,37.0,5.0,IN,2.4,高区,1.3,3000.0,1
811.0,女,汉,52.0,5.0,IN,4.3,高区,2.39,3500.0,1
812.0,女,汉,52.0,5.0,IN,6.7,高区,3.33,3000.0,1
813.0,女,汉,55.0,5.0,IN,7.5,高区,4.89,3500.0,1
814.0,女,汉,49.0,5.0,IN,2.2,高区,3.45,3000.0,1
815.0,女,汉,54.0,5.0,IN,7.9,高区,3.39,3000.0,1
816.0,女,汉,51.0,5.0,IN,1.0,高区,4.55,3000.0,1
817.0,女,汉,51.0,5.0,IN,2.6,高区,3.97,3000.0,1
818.0,女,汉,53.0,5.0,IN,4.3,高区,3.22,3000.0,1
819.0,女,汉,56.0,5.0,IN,7.7,高区,1.77,3000.0,1
820.0,女,汉,55.0,5.0,IN,1.3,高区,3.97,3500.0,1
822.0,女,汉,43.0,5.0,IN,3.7,高区,4.33,3000.0,1
823.0,女,汉,44.0,5.0,IN,6.0,高区,2.77,3000.0,1
824.0,女,汉,49.0,5.0,IN,3.0,高区,4.23,3000.0,1
825.0,女,汉,51.0,5.0,IN,0.3,高区,1.32,3500.0,1
826.0,女,汉,51.0,5.0,IN,0.4,高区,2.44,3500.0,1
827.0,女,汉,53.0,5.0,IN,1.3,高区,2.55,3500.0,1
828.0,女,汉,55.0,5.0,IN,7.3,高区,4.73,3500.0,1
830.0,女,汉,39.0,5.0,IN,0.3,高区,4.34,3000.0,1
831.0,女,汉,54.0,5.0,IN,5.9,高区,3.67,3000.0,1
832.0,女,汉,50.0,5.0,IN,9.7,高区,3.02,3500.0,1
833.0,女,汉,46.0,5.0,IN,6.0,高区,4.07,3000.0,1
835.0,女,汉,54.0,5.0,IN,2.1,高区,4.72,3500.0,1
836.0,女,汉,56.0,5.0,IN,2.7,高区,4.94,3000.0,1
837.0,女,汉,49.0,5.0,IN,2.4,高区,1.97,3500.0,1
838.0,女,汉,55.0,5.0,IN,3.1,高区,2.67,3000.0,1
839.0,女,汉,50.0,5.0,IN,9.0,高区,2.92,3000.0,1
840.0,女,汉,54.0,5.0,IN,7.6,高区,3.8,3000.0,1
841.0,女,汉,53.0,5.0,IN,2.5,高区,1.16,3000.0,1
842.0,女,汉,50.0,5.0,IN,9.4,高区,2.18,3500.0,1
843.0,女,汉,50.0,5.0,IN,7.5,高区,4.68,3500.0,1
844.0,女,汉,44.0,5.0,IN,0.7,高区,4.17,3500.0,1
845.0,女,汉,42.0,5.0,IN,6.7,高区,2.7,3500.0,1
846.0,女,汉,51.0,5.0,IN,7.5,高区,4.33,3000.0,1
847.0,女,汉,54.0,5.0,IN,3.3,高区,3.11,3000.0,1
848.0,女,汉,51.0,5.0,IN,8.5,高区,4.94,3000.0,1
849.0,女,汉,54.0,5.0,IN,6.4,高区,2.58,3000.0,1
850.0,女,汉,59.0,5.0,IN,0.4,高区,2.7,3000.0,1
851.0,女,汉,37.0,5.0,IN,6.7,高区,2.39,3500.0,1
852.0,女,汉,57.0,5.0,IN,8.8,高区,2.03,3000.0,1
853.0,女,汉,55.0,5.0,IN,9.9,高区,3.92,3000.0,1
854.0,女,汉,57.0,5.0,IN,0.0,高区,2.95,3000.0,1
855.0,女,汉,55.0,5.0,IN,2.9,高区,1.45,3000.0,1
856.0,女,汉,53.0,5.0,IN,2.7,高区,2.12,3000.0,1
857.0,女,汉,36.0,5.0,IN,7.7,高区,4.56,3000.0,1
858.0,女,汉,35.0,5.0,IN,2.0,高区,2.45,3000.0,1
859.0,女,汉,44.0,5.0,IN,4.5,高区,4.78,3000.0,1
860.0,女,汉,35.0,5.0,IN,0.1,高区,4.22,3000.0,1
861.0,女,汉,22.0,5.0,IN,2.3,高区,4.4,3000.0,1
862.0,女,汉,51.0,5.0,IN,0.7,高区,2.83,3000.0,1
863.0,女,汉,51.0,5.0,IN,1.8,高区,4.1,3000.0,1
866.0,女,汉,51.0,5.0,IN,1.9,高区,4.29,3000.0,1
867.0,女,汉,50.0,5.0,IN,5.3,高区,4.54,3000.0,1
868.0,女,汉,54.0,5.0,IN,7.1,高区,1.96,3000.0,1
870.0,女,汉,51.0,5.0,IN,7.0,高区,2.35,3000.0,1
871.0,女,汉,54.0,5.0,IN,6.0,高区,3.9,3000.0,1
872.0,女,汉,57.0,5.0,IN,1.4,高区,2.62,3000.0,1
873.0,女,汉,57.0,5.0,IN,0.3,高区,1.69,3000.0,1
995.0,女,汉,35.0,5.0,IN,0.7,环翠区,4.67,2500.0,1
996.0,女,汉,52.0,5.0,IN,9.3,环翠区,4.93,3500.0,1
997.0,女,汉,42.0,5.0,IN,4.3,环翠区,1.47,3300.0,1
1001.0,女,汉,53.0,5.0,IN,6.5,环翠区,1.4,3400.0,1
1004.0,女,汉,52.0,5.0,IN,9.5,环翠区,4.62,4000.0,1
1007.0,女,汉,48.0,5.0,IN,6.3,环翠区,1.48,3600.0,1
1012.0,女,汉,50.0,5.0,IN,2.0,环翠区,3.63,3800.0,1
1018.0,女,汉,47.0,5.0,IN,6.7,"经区,高区,环翠区",2.97,3500.0,1
1019.0,女,汉,46.0,5.0,IN,1.5,"经区,高区,环翠区",1.56,3800.0,1
1021.0,女,汉,44.0,5.0,IN,5.7,"经区,高区,环翠区",3.45,3600.0,1
1026.0,女,汉,56.0,5.0,IN,0.4,"经区,高区,环翠区",4.37,4500.0,1
1028.0,女,汉,62.0,5.0,IN,4.0,"经区,高区,环翠区",3.54,4600.0,1
1029.0,女,汉,56.0,5.0,IN,7.2,"经区,高区,环翠区",1.19,3500.0,1
1036.0,女,汉,59.0,5.0,IN,6.6,"经区,高区,环翠区",4.4,5800.0,1
1037.0,女,汉,55.0,5.0,IN,1.4,"经区,高区,环翠区",1.64,4600.0,1
1042.0,女,汉,56.0,5.0,IN,2.0,"经区,高区,环翠区",3.24,4500.0,1
1045.0,女,汉,57.0,5.0,IN,5.6,"经区,高区,环翠区",1.1,3500.0,1
1050.0,女,汉,56.0,5.0,IN,1.6,"经区,高区,环翠区",1.82,4500.0,1
1054.0,女,汉,46.0,5.0,IN,9.0,"经区,高区,环翠区",2.58,5800.0,1
1056.0,女,汉,46.0,5.0,IN,6.2,"经区,高区,环翠区",1.79,3500.0,1
1057.0,女,汉,38.0,5.0,IN,8.8,"经区,高区,环翠区",1.85,3600.0,1
1064.0,女,汉,51.0,5.0,IN,0.7,"经区,高区,环翠区",2.69,4600.0,1
1065.0,女,汉,44.0,5.0,IN,0.7,"经区,高区,环翠区",2.63,3800.0,1
1073.0,女,汉,49.0,5.0,IN,0.6,"经区,高区,环翠区",4.75,4800.0,1
1075.0,女,汉,49.0,5.0,IN,4.5,"经区,高区,环翠区",3.97,5800.0,1
1078.0,女,汉,65.0,5.0,IN,3.2,"经区,高区,环翠区",2.36,3600.0,1
1079.0,女,汉,49.0,5.0,IN,1.9,"经区,高区,环翠区",3.35,3800.0,1
1081.0,女,汉,55.0,5.0,IN,3.1,"经区,高区,环翠区",4.17,4500.0,1
1082.0,女,汉,54.0,5.0,IN,8.0,"经区,高区,环翠区",1.61,4800.0,1
1089.0,女,汉,53.0,5.0,IN,1.4,"经区,高区,环翠区",4.77,4800.0,1
1090.0,女,汉,56.0,5.0,IN,5.1,"经区,高区,环翠区",1.83,4500.0,1
1095.0,女,汉,45.0,5.0,IN,4.1,"经区,高区,环翠区",2.8,3800.0,1
1098.0,女,汉,50.0,5.0,IN,4.0,"经区,高区,环翠区",2.16,4800.0,1
1100.0,女,汉,53.0,5.0,IN,9.7,经区,4.44,3500.0,1
1101.0,女,汉,60.0,5.0,IN,5.3,环翠区,3.98,3000.0,1
1103.0,女,汉,49.0,5.0,IN,8.3,"经区,高区,环翠区",3.06,3000.0,1
1104.0,女,汉,57.0,5.0,IN,10.0,"经区,高区,环翠区",2.11,3500.0,1
1105.0,女,汉,52.0,5.0,IN,6.2,"经区,高区,环翠区",4.85,3000.0,1
1106.0,女,汉,49.0,5.0,IN,9.0,"经区,高区,环翠区",1.45,2800.0,1
1108.0,女,汉,48.0,5.0,IN,9.3,"经区,高区,环翠区",4.36,4000.0,1
1109.0,女,汉,53.0,5.0,IN,2.8,"经区,高区,环翠区",2.28,3000.0,1
1115.0,女,汉,53.0,5.0,IN,7.2,"经区,高区,环翠区",3.72,3000.0,1
1116.0,女,汉,49.0,5.0,IN,9.8,"经区,高区,环翠区",4.76,4000.0,1
1117.0,女,汉,58.0,5.0,IN,0.8,"经区,高区,环翠区",4.83,3500.0,1
1118.0,女,汉,48.0,5.0,IN,4.0,"经区,高区,环翠区",2.96,3000.0,1
1119.0,男,汉,73.0,5.0,IN,6.5,"经区,高区,环翠区",3.12,4000.0,1
1121.0,女,汉,59.0,5.0,IN,0.8,"经区,高区,环翠区",2.28,3000.0,1
1122.0,女,汉,58.0,5.0,IN,1.2,"经区,高区,环翠区",4.63,2800.0,1
1123.0,女,汉,58.0,5.0,IN,0.6,"经区,高区,环翠区",3.57,4500.0,1
1124.0,女,汉,54.0,5.0,IN,7.0,"经区,高区,环翠区",2.57,300.0,1
1126.0,女,汉,64.0,5.0,IN,4.9,"经区,高区,环翠区",4.13,3800.0,1
1127.0,女,汉,58.0,5.0,IN,2.3,"经区,高区,环翠区",1.66,4000.0,1
1128.0,女,汉,50.0,5.0,IN,4.5,"经区,高区,环翠区",4.11,3000.0,1
1129.0,女,汉,58.0,5.0,IN,4.9,"经区,高区,环翠区",3.63,3000.0,1
1131.0,女,汉,56.0,5.0,IN,1.9,"经区,高区,环翠区",2.92,3000.0,1
1132.0,女,汉,50.0,5.0,IN,4.0,"经区,高区,环翠区",1.82,3200.0,1
1133.0,女,汉,55.0,5.0,IN,8.3,"经区,高区,环翠区",3.27,3000.0,1
1134.0,女,汉,50.0,5.0,IN,0.3,"经区,高区,环翠区",1.62,3200.0,1
1135.0,女,汉,64.0,5.0,IN,6.4,"经区,高区,环翠区",2.7,3000.0,1
1136.0,女,汉,44.0,5.0,IN,0.1,"经区,高区,环翠区",4.86,3600.0,1
1137.0,女,汉,59.0,5.0,IN,9.0,"经区,高区,环翠区",1.03,4500.0,1
1138.0,女,汉,67.0,5.0,IN,1.0,"经区,高区,环翠区",2.32,3000.0,1
1139.0,女,汉,54.0,5.0,IN,9.0,"经区,高区,环翠区",3.92,3500.0,1
1140.0,女,汉,56.0,5.0,IN,0.7,"经区,高区,环翠区",4.92,4000.0,1
1141.0,女,汉,57.0,5.0,IN,2.1,"经区,高区,环翠区",2.8,3500.0,1
1142.0,女,汉,60.0,5.0,IN,3.3,"经区,高区,环翠区",1.1,3200.0,1
1143.0,女,汉,48.0,5.0,IN,5.8,"经区,高区,环翠区",1.22,3500.0,1
1144.0,女,汉,55.0,5.0,IN,6.7,"经区,高区,环翠区",3.63,4500.0,1
1145.0,女,汉,58.0,5.0,IN,4.8,"经区,高区,环翠区",2.99,3500.0,1
1147.0,女,汉,48.0,5.0,IN,8.2,"经区,高区,环翠区",2.81,3000.0,1
1153.0,女,汉,53.0,5.0,IN,0.3,"经区,高区,环翠区",4.56,3500.0,1
1155.0,女,汉,54.0,5.0,IN,7.4,"经区,高区,环翠区",4.89,3500.0,1
1156.0,女,汉,56.0,5.0,IN,9.6,"经区,高区,环翠区",3.18,3600.0,1
1157.0,女,汉,59.0,5.0,IN,4.8,"经区,高区,环翠区",2.13,3600.0,1
1158.0,女,汉,62.0,5.0,IN,0.9,"经区,高区,环翠区",3.25,4000.0,1
1159.0,女,汉,53.0,5.0,IN,9.8,"经区,高区,环翠区",2.29,4500.0,1
1160.0,女,汉,58.0,5.0,IN,7.9,"经区,高区,环翠区",3.62,3000.0,1
1161.0,女,汉,60.0,5.0,IN,8.1,"经区,高区,环翠区",2.15,3500.0,1
1162.0,女,汉,49.0,5.0,IN,4.4,"经区,高区,环翠区",4.39,4000.0,1
1163.0,女,汉,55.0,5.0,IN,4.9,"经区,高区,环翠区",2.51,3500.0,1
1164.0,女,汉,44.0,5.0,IN,1.9,"经区,高区,环翠区",3.6,3600.0,1
1165.0,女,汉,57.0,5.0,IN,7.2,"经区,高区,环翠区",4.82,3500.0,1
1166.0,女,汉,57.0,5.0,IN,3.2,"经区,高区,环翠区",1.68,4500.0,1
1167.0,女,汉,49.0,5.0,IN,1.9,"经区,高区,环翠区",1.11,3600.0,1
1168.0,女,汉,64.0,5.0,IN,5.3,"经区,高区,环翠区",2.0,3000.0,1
1169.0,女,汉,58.0,5.0,IN,4.6,"经区,高区,环翠区",2.45,3500.0,1
1170.0,女,汉,54.0,5.0,IN,1.7,"经区,高区,环翠区",4.63,3600.0,1
1171.0,女,汉,48.0,5.0,IN,6.0,"经区,高区,环翠区",2.15,5000.0,1
1173.0,女,汉,58.0,5.0,IN,9.2,"经区,高区,环翠区",2.26,3500.0,1
1174.0,女,汉,34.0,5.0,IN,4.3,"经区,高区,环翠区",2.35,5000.0,1
1175.0,女,汉,54.0,5.0,IN,8.6,"经区,高区,环翠区",4.66,4500.0,1
1176.0,女,汉,49.0,5.0,IN,4.9,"经区,高区,环翠区",2.96,5000.0,1
1177.0,女,汉,63.0,5.0,IN,1.9,"经区,高区,环翠区",3.16,3000.0,1
1178.0,女,汉,54.0,5.0,IN,8.5,"经区,高区,环翠区",4.97,2800.0,1
1179.0,女,汉,54.0,5.0,IN,4.5,"经区,高区,环翠区",3.47,4000.0,1
1180.0,女,汉,53.0,5.0,IN,3.1,"经区,高区,环翠区",3.26,4500.0,1
1181.0,女,汉,57.0,5.0,IN,2.0,"经区,高区,环翠区",4.69,3600.0,1
1182.0,女,汉,52.0,5.0,IN,6.1,"经区,高区,环翠区",2.76,6000.0,1
1183.0,女,汉,55.0,5.0,IN,5.0,"经区,高区,环翠区",1.95,4000.0,1
1184.0,女,汉,56.0,5.0,IN,5.2,"经区,高区,环翠区",4.61,5000.0,1
1185.0,女,汉,51.0,5.0,IN,1.9,"经区,高区,环翠区",2.3,4500.0,1
1186.0,女,汉,57.0,5.0,IN,9.0,"经区,高区,环翠区",3.63,4000.0,1
1187.0,女,汉,49.0,5.0,IN,1.1,"经区,高区,环翠区",2.69,4500.0,1
1188.0,女,汉,49.0,5.0,IN,6.0,"经区,高区,环翠区",2.01,4000.0,1
1189.0,女,汉,55.0,5.0,IN,6.7,"经区,高区,环翠区",2.53,3500.0,1
1190.0,女,汉,48.0,5.0,IN,0.8,"经区,高区,环翠区",4.01,3000.0,1
1191.0,女,汉,61.0,5.0,IN,4.7,"经区,高区,环翠区",2.63,2800.0,1
1192.0,女,汉,44.0,5.0,IN,8.6,"经区,高区,环翠区",1.83,5000.0,1
1193.0,女,汉,44.0,5.0,IN,2.5,"经区,高区,环翠区",1.24,5500.0,1
1194.0,女,汉,59.0,5.0,IN,1.1,"经区,高区,环翠区",3.72,2800.0,1
1195.0,女,汉,55.0,5.0,IN,5.5,"经区,高区,环翠区",2.13,3500.0,1
1197.0,女,汉,65.0,5.0,IN,0.8,"经区,高区,环翠区",1.62,3000.0,1
1198.0,女,汉,66.0,5.0,IN,5.9,"经区,高区,环翠区",3.4,3500.0,1
1199.0,女,汉,68.0,5.0,IN,3.7,"经区,高区,环翠区",4.28,2800.0,1
1200.0,女,汉,52.0,5.0,IN,1.1,"经区,高区,环翠区",2.13,5000.0,1
1201.0,女,汉,54.0,5.0,IN,2.7,"经区,高区,环翠区",1.08,4500.0,1
1203.0,女,汉,55.0,5.0,IN,4.5,"经区,高区,环翠区",4.54,4000.0,1
1205.0,女,汉,45.0,5.0,IN,4.9,"经区,高区,环翠区",3.62,4500.0,1
1206.0,女,汉,55.0,5.0,IN,8.3,"经区,高区,环翠区",1.51,3500.0,1
1207.0,女,汉,61.0,5.0,IN,7.2,"经区,高区,环翠区",1.52,3000.0,1
1209.0,女,汉,59.0,5.0,IN,4.6,"经区,高区,环翠区",4.7,4000.0,1
1210.0,女,汉,52.0,5.0,IN,5.5,"经区,高区,环翠区",4.16,4500.0,1
1211.0,女,汉,60.0,5.0,IN,6.1,"经区,高区,环翠区",3.54,3000.0,1
1212.0,女,汉,55.0,5.0,IN,8.8,"经区,高区,环翠区",3.01,3500.0,1
1215.0,女,汉,55.0,5.0,IN,3.9,"经区,高区,环翠区",3.69,3500.0,1
1216.0,女,汉,52.0,5.0,IN,2.1,"经区,高区,环翠区",3.1,3500.0,1
1217.0,女,汉,46.0,5.0,IN,6.4,"经区,高区,环翠区",3.43,3500.0,1
1218.0,女,汉,52.0,5.0,IN,8.6,"经区,高区,环翠区",2.84,4500.0,1
1219.0,女,汉,47.0,5.0,IN,4.1,"经区,高区,环翠区",4.6,3500.0,1
1220.0,女,汉,50.0,5.0,IN,3.0,"经区,高区,环翠区",3.96,3500.0,1
1221.0,女,汉,60.0,5.0,IN,4.7,"经区,高区,环翠区",2.39,3000.0,1
1222.0,女,汉,57.0,5.0,IN,9.3,"经区,高区,环翠区",4.64,3800.0,1
1224.0,女,汉,57.0,5.0,IN,3.8,"经区,高区,环翠区",2.66,3000.0,1
1225.0,女,汉,47.0,5.0,IN,2.9,"经区,高区,环翠区",2.54,4000.0,1
1226.0,女,汉,54.0,5.0,IN,6.4,"经区,高区,环翠区",4.23,3600.0,1
1227.0,女,汉,61.0,5.0,IN,0.9,"经区,高区,环翠区",3.8,3000.0,1
1228.0,女,汉,54.0,5.0,IN,3.8,"经区,高区,环翠区",4.93,3000.0,1
1229.0,女,汉,52.0,5.0,IN,6.4,"经区,高区,环翠区",4.08,3500.0,1
1230.0,女,汉,51.0,5.0,IN,4.5,"经区,高区,环翠区",4.13,3500.0,1
1231.0,女,汉,57.0,5.0,IN,9.4,"经区,高区,环翠区",3.44,3000.0,1
1232.0,女,汉,48.0,5.0,IN,0.1,"经区,高区,环翠区",2.01,3800.0,1
1233.0,女,汉,54.0,5.0,IN,3.0,"经区,高区,环翠区",4.62,3000.0,1
1234.0,女,汉,46.0,5.0,IN,2.3,"经区,高区,环翠区",1.42,4000.0,1
1235.0,女,汉,56.0,5.0,IN,2.5,"经区,高区,环翠区",5.0,3500.0,1
1236.0,女,汉,57.0,5.0,IN,1.3,"经区,高区,环翠区",4.9,3000.0,1
1237.0,女,汉,67.0,5.0,IN,9.3,"经区,高区,环翠区",3.24,2800.0,1
1238.0,女,汉,59.0,5.0,IN,0.7,"经区,高区,环翠区",4.58,3000.0,1
1239.0,女,汉,53.0,5.0,IN,9.8,"经区,高区,环翠区",4.93,3500.0,1
1240.0,女,汉,66.0,5.0,IN,2.2,"经区,高区,环翠区",4.33,2600.0,1
1241.0,女,汉,58.0,5.0,IN,3.9,"经区,高区,环翠区",2.98,3000.0,1
1242.0,女,汉,57.0,5.0,IN,3.2,"经区,高区,环翠区",4.89,3000.0,1
1243.0,女,汉,48.0,5.0,IN,2.6,"经区,高区,环翠区",2.38,3500.0,1
1244.0,女,汉,55.0,5.0,IN,1.0,"经区,高区,环翠区",4.63,3500.0,1
1245.0,女,汉,65.0,5.0,IN,6.2,"经区,高区,环翠区",3.71,3000.0,1
1246.0,女,汉,57.0,5.0,IN,5.1,"经区,高区,环翠区",2.89,2600.0,1
1247.0,女,汉,59.0,5.0,IN,9.8,"经区,高区,环翠区",1.91,3000.0,1
1248.0,女,汉,44.0,5.0,IN,6.6,"经区,高区,环翠区",3.35,4000.0,1
1249.0,女,汉,49.0,5.0,IN,0.6,"经区,高区,环翠区",1.45,3500.0,1
1250.0,女,汉,63.0,5.0,IN,8.9,"经区,高区,环翠区",1.91,3000.0,1
1251.0,女,汉,54.0,5.0,IN,4.7,"经区,高区,环翠区",1.32,3500.0,1
1252.0,女,汉,70.0,5.0,IN,6.2,"经区,高区,环翠区",4.78,2600.0,1
1254.0,女,汉,63.0,5.0,IN,1.5,"经区,高区,环翠区",4.16,3000.0,1
1255.0,女,汉,64.0,5.0,IN,4.2,"经区,高区,环翠区",2.23,2800.0,1
1256.0,女,汉,55.0,5.0,IN,7.2,"经区,高区,环翠区",2.05,3500.0,1
1257.0,女,汉,62.0,5.0,IN,7.6,"经区,高区,环翠区",4.85,3000.0,1
1258.0,女,汉,55.0,5.0,IN,6.3,"经区,高区,环翠区",2.4,3500.0,1
1259.0,女,汉,55.0,5.0,IN,1.4,"经区,高区,环翠区",4.33,3500.0,1
1260.0,女,汉,51.0,5.0,IN,4.3,"经区,高区,环翠区",4.0,4500.0,1
1261.0,女,汉,54.0,5.0,IN,5.5,"经区,高区,环翠区",1.8,4000.0,1
1262.0,女,汉,58.0,5.0,IN,2.2,"经区,高区,环翠区",2.66,3000.0,1
1263.0,女,汉,55.0,5.0,IN,3.3,"经区,高区,环翠区",1.08,3500.0,1
1264.0,女,汉,56.0,5.0,IN,9.7,"经区,高区,环翠区",2.72,3000.0,1
1265.0,女,汉,57.0,5.0,IN,2.9,"经区,高区,环翠区",2.84,3000.0,1
1266.0,女,汉,56.0,5.0,IN,1.2,"经区,高区,环翠区",4.22,3000.0,1
1267.0,女,汉,57.0,5.0,IN,0.9,"经区,高区,环翠区",4.1,2800.0,1
1268.0,女,汉,55.0,5.0,IN,4.9,"经区,高区,环翠区",3.96,3500.0,1
1269.0,女,汉,58.0,5.0,IN,4.8,"经区,高区,环翠区",4.93,2800.0,1
1270.0,女,汉,65.0,5.0,IN,6.6,"经区,高区,环翠区",4.51,2400.0,1
1271.0,女,汉,55.0,5.0,IN,1.4,"经区,高区,环翠区",3.72,3500.0,1
1272.0,女,汉,59.0,5.0,IN,8.5,"经区,高区,环翠区",2.45,3200.0,1
1274.0,女,汉,57.0,5.0,IN,0.5,"经区,高区,环翠区",3.68,3500.0,1
1275.0,女,汉,64.0,5.0,IN,2.8,"经区,高区,环翠区",2.58,2800.0,1
1276.0,女,汉,64.0,5.0,IN,2.2,"经区,高区,环翠区",2.25,2800.0,1
1277.0,女,汉,42.0,5.0,IN,9.2,"经区,高区,环翠区",1.55,2000.0,1
1278.0,女,汉,55.0,5.0,IN,2.0,"经区,高区,环翠区",4.11,3200.0,1
1280.0,女,汉,56.0,5.0,IN,3.1,"经区,高区,环翠区",4.15,3000.0,1
1281.0,女,汉,52.0,5.0,IN,7.1,"经区,高区,环翠区",4.32,3500.0,1
1282.0,女,汉,52.0,5.0,IN,1.7,"经区,高区,环翠区",1.17,3600.0,1
1283.0,女,汉,52.0,5.0,IN,8.9,"经区,高区,环翠区",2.7,3500.0,1
1284.0,女,汉,57.0,5.0,IN,3.6,"经区,高区,环翠区",2.29,4500.0,1
1285.0,女,汉,59.0,5.0,IN,1.8,"经区,高区,环翠区",1.68,3500.0,1
1287.0,女,汉,56.0,5.0,IN,3.4,"经区,高区,环翠区",4.05,5000.0,1
1289.0,女,汉,62.0,5.0,IN,9.8,"经区,高区,环翠区",3.81,3000.0,1
1290.0,女,汉,59.0,5.0,IN,3.3,"经区,高区,环翠区",2.86,5000.0,1
1291.0,女,汉,68.0,5.0,IN,5.6,"经区,高区,环翠区",4.18,3000.0,1
1292.0,女,汉,67.0,5.0,IN,9.5,"经区,高区,环翠区",4.04,3000.0,1
1293.0,女,汉,62.0,5.0,IN,4.1,"经区,高区,环翠区",4.37,4000.0,1
1294.0,女,汉,54.0,5.0,IN,4.9,"经区,高区,环翠区",3.36,3500.0,1
1296.0,女,汉,64.0,5.0,IN,4.4,"经区,高区,环翠区",2.61,3000.0,1
1298.0,女,汉,55.0,5.0,IN,7.8,"经区,高区,环翠区",3.68,4000.0,1
1299.0,女,汉,60.0,5.0,IN,1.8,"经区,高区,环翠区",2.02,4000.0,1
1300.0,女,汉,33.0,5.0,IN,9.0,"经区,高区,环翠区",1.59,5000.0,1
1301.0,女,汉,63.0,5.0,IN,4.0,"经区,高区,环翠区",2.92,3000.0,1
1302.0,女,汉,55.0,5.0,IN,8.6,"经区,高区,环翠区",1.76,3500.0,1
1307.0,女,汉,52.0,2.0,IN,1.8,"经区,高区,环翠区",3.13,3250.0,1
3.0,女,汉,45.0,3.0,IN,7.3,"经区,高区,环翠区,其他",4.98,12800.0,2
4.0,女,汉,48.0,3.0,IN,1.8,"经区,高区,环翠区,其他",3.6,8880.0,2
5.0,女,汉,40.0,3.0,IN,1.3,"经区,高区,环翠区,其他",2.73,8880.0,2
6.0,女,汉,52.0,3.0,IN,6.6,"经区,环翠区",2.48,4880.0,2
8.0,女,汉,48.0,4.0,IN,6.1,"经区,环翠区",4.8,5800.0,2
9.0,女,汉,45.0,4.0,IN,7.9,"经区,环翠区",4.86,4880.0,2
10.0,女,汉,45.0,3.0,IN,5.7,"经区,高区,环翠区,其他",2.82,7880.0,2
11.0,女,汉,44.0,3.0,IN,2.4,"经区,高区,环翠区",3.83,12800.0,2
12.0,女,汉,46.0,3.0,IN,5.8,"经区,高区,环翠区",2.9,7880.0,2
13.0,女,汉,48.0,3.0,IN,1.2,"经区,高区,环翠区",2.66,8880.0,2
14.0,女,汉,49.0,3.0,IN,5.9,"经区,高区,环翠区",2.4,7880.0,2
15.0,女,汉,40.0,3.0,IN,2.7,"经区,高区,环翠区",3.9,6880.0,2
22.0,女,汉,40.0,3.0,IN,6.4,"经区,高区",1.83,5000.0,2
26.0,女,汉,35.0,2.0,IN,7.5,"经区,环翠区",2.9,5880.0,2
38.0,女,汉,52.0,2.0,IN,6.0,"经区,环翠区",4.92,4880.0,2
39.0,女,汉,49.0,2.0,IN,6.1,"经区,高区,环翠区",4.32,3880.0,2
40.0,女,汉,55.0,2.0,IN,1.9,"经区,环翠区",4.91,3880.0,2
41.0,女,汉,30.0,5.0,IN,9.9,"经区,高区,环翠区",3.0,4880.0,2
50.0,女,汉,53.0,2.0,IN,0.8,"经区,高区,环翠区",3.33,5880.0,2
51.0,女,汉,48.0,3.0,IN,4.0,"经区,高区,环翠区",4.0,5880.0,2
53.0,女,汉,54.0,2.0,IN,0.6,"高区,环翠区",4.32,3880.0,2
55.0,女,汉,49.0,2.0,IN,3.7,"经区,高区,环翠区",1.98,6880.0,2
56.0,女,汉,51.0,3.0,IN,1.5,"经区,高区,环翠区,其他",3.23,8880.0,2
57.0,女,汉,50.0,2.0,IN,9.0,"经区,高区,环翠区",4.7,9880.0,2
59.0,女,汉,38.0,2.0,IN,4.0,"经区,高区,环翠区",1.82,5880.0,2
79.0,女,汉,46.0,3.0,IN,9.7,"经区,高区,环翠区",2.46,4880.0,2
89.0,女,汉,48.0,2.0,IN,5.2,"经区,环翠区",2.67,4880.0,2
90.0,女,汉,45.0,2.0,IN,3.7,"经区,环翠区,其他",1.7,6888.0,2
91.0,女,汉,40.0,3.0,IN,6.5,"经区,其他",4.17,7800.0,2
93.0,女,汉,49.0,2.0,IN,3.1,"经区,环翠区,其他",4.51,6880.0,2
94.0,女,汉,49.0,3.0,IN,1.8,"经区,高区,环翠区",4.72,8880.0,2
95.0,女,汉,46.0,3.0,IN,8.6,"经区,高区,环翠区,其他",1.13,7880.0,2
96.0,女,汉,43.0,3.0,IN,5.5,"经区,高区,环翠区",3.82,6880.0,2
97.0,女,汉,44.0,3.0,IN,0.3,"经区,高区,环翠区",2.36,6888.0,2
98.0,女,汉,49.0,2.0,IN,1.8,"经区,高区,环翠区",2.07,3880.0,2
99.0,女,汉,44.0,3.0,IN,4.1,"经区,高区,环翠区,其他",1.14,7880.0,2
100.0,女,汉,42.0,2.0,IN,1.5,"经区,环翠区",2.35,5500.0,2
102.0,女,汉,48.0,4.0,IN,7.4,"经区,高区,环翠区",1.23,9880.0,2
105.0,女,汉,46.0,2.0,IN,5.3,"经区,高区,环翠区",4.16,6880.0,2
117.0,女,汉,51.0,2.0,IN,0.6,"经区,高区,环翠区",4.41,12800.0,2
119.0,女,汉,37.0,3.0,IN,4.4,"经区,高区,环翠区",3.7,3880.0,2
121.0,女,汉,48.0,3.0,IN,0.1,"经区,环翠区,其他",4.36,5880.0,2
123.0,女,汉,55.0,3.0,IN,6.1,"经区,高区,环翠区,其他",1.92,12800.0,2
136.0,女,汉,51.0,2.0,IN,1.7,"经区,高区,环翠区",3.29,7880.0,2
141.0,女,汉,34.0,2.0,IN,0.1,"经区,高区,环翠区",2.02,5880.0,2
152.0,女,汉,48.0,2.0,IN,6.9,"经区,高区,环翠区",3.73,7880.0,2
153.0,女,汉,50.0,2.0,IN,3.7,"经区,高区,环翠区",2.9,5880.0,2
154.0,女,汉,47.0,2.0,IN,3.2,"经区,高区,环翠区",1.31,8800.0,2
155.0,女,汉,53.0,2.0,IN,2.6,"经区,高区,环翠区",1.45,6880.0,2
156.0,女,汉,49.0,2.0,IN,7.4,"经区,高区,环翠区",4.36,4500.0,2
157.0,女,汉,44.0,2.0,IN,6.8,"经区,高区,环翠区",2.89,4880.0,2
158.0,女,汉,37.0,3.0,IN,5.7,"经区,高区,环翠区",4.48,8880.0,2
159.0,女,汉,32.0,2.0,IN,7.4,"经区,高区,环翠区",1.55,4500.0,2
160.0,女,汉,45.0,2.0,IN,1.4,"经区,高区,环翠区",2.5,5888.0,2
161.0,女,汉,46.0,2.0,IN,3.4,"经区,高区,环翠区",1.23,9800.0,2
162.0,女,汉,46.0,2.0,IN,9.5,"经区,高区,环翠区",2.47,3500.0,2
163.0,女,汉,49.0,2.0,IN,6.8,"经区,高区,环翠区,其他",4.51,4600.0,2
164.0,女,汉,52.0,3.0,IN,9.2,"经区,高区,环翠区",3.21,5880.0,2
165.0,女,汉,54.0,4.0,IN,1.8,"经区,高区,环翠区",3.28,5880.0,2
166.0,女,汉,50.0,3.0,IN,8.6,"经区,高区,环翠区,其他",1.04,6888.0,2
167.0,女,汉,51.0,0.0,IN,4.8,"经区,高区",3.23,3800.0,2
168.0,女,汉,34.0,2.0,IN,8.2,"经区,高区,环翠区",1.03,9880.0,2
169.0,女,汉,49.0,2.0,IN,4.1,"经区,环翠区",3.17,6880.0,2
170.0,女,汉,44.0,3.0,IN,8.2,"经区,高区,环翠区,其他",1.21,5888.0,2
171.0,女,汉,52.0,2.0,IN,4.6,"经区,高区,环翠区",4.9,4880.0,2
172.0,女,汉,38.0,2.0,IN,9.1,"经区,环翠区",2.19,5880.0,2
173.0,女,汉,50.0,0.0,IN,2.8,高区,3.28,4500.0,2
174.0,女,汉,42.0,4.0,IN,6.3,"经区,高区,环翠区,其他",2.84,6000.0,2
175.0,女,汉,45.0,3.0,IN,0.7,"经区,高区,环翠区",1.93,7880.0,2
176.0,女,汉,44.0,2.0,IN,6.4,"经区,高区,环翠区",2.48,6880.0,2
177.0,女,汉,44.0,3.0,IN,4.4,"经区,环翠区,其他",2.85,5880.0,2
178.0,女,汉,54.0,2.0,IN,10.0,"经区,高区,环翠区,其他",1.29,7880.0,2
180.0,女,汉,39.0,3.0,IN,7.3,"经区,环翠区,其他",4.64,7880.0,2
181.0,女,汉,52.0,3.0,IN,1.6,"经区,环翠区",3.18,4880.0,2
182.0,女,汉,31.0,3.0,OFF,4.7,"经区,环翠区",2.32,9880.0,2
191.0,女,汉,46.0,2.0,IN,4.8,"经区,环翠区",2.39,7880.0,2
192.0,女,汉,49.0,2.0,IN,3.5,"经区,高区,环翠区,其他",2.93,7800.0,2
193.0,女,汉,48.0,3.0,IN,3.9,"经区,高区,环翠区,其他",4.02,5800.0,2
205.0,女,汉,52.0,3.0,IN,5.1,"经区,高区,环翠区,其他",2.82,5000.0,2
206.0,女,汉,45.0,3.0,IN,2.3,"经区,高区,环翠区,其他",4.79,4500.0,2
208.0,女,汉,43.0,0.0,IN,5.2,"经区,高区,环翠区,其他",2.0,5800.0,2
211.0,女,汉,49.0,3.0,IN,2.9,"经区,高区,环翠区,其他",1.16,9800.0,2
218.0,女,汉,46.0,3.0,IN,9.1,"经区,高区,环翠区",1.5,7000.0,2
234.0,女,汉,48.0,4.0,IN,7.4,"经区,高区,环翠区,其他",3.36,7800.0,2
235.0,女,汉,45.0,3.0,IN,2.9,"经区,高区,环翠区",2.46,4500.0,2
236.0,女,汉,35.0,3.0,IN,9.9,"经区,高区,环翠区,其他",2.09,6800.0,2
237.0,女,汉,43.0,3.0,IN,6.3,"经区,高区,环翠区,其他",1.79,5880.0,2
238.0,女,汉,52.0,0.0,IN,8.1,"经区,高区,环翠区,其他",4.67,12800.0,2
239.0,女,汉,52.0,3.0,IN,0.4,"经区,高区,环翠区",1.13,5800.0,2
254.0,女,汉,46.0,3.0,IN,5.3,"经区,高区,环翠区,其他",3.92,5000.0,2
255.0,女,汉,37.0,3.0,IN,2.0,"经区,高区",1.57,5000.0,2
256.0,女,汉,35.0,3.0,IN,3.0,"经区,高区",4.97,4500.0,2
257.0,女,汉,49.0,3.0,IN,5.8,"经区,高区,环翠区",3.54,5888.0,2
258.0,女,汉,41.0,3.0,IN,1.0,"经区,高区,环翠区",2.48,4000.0,2
259.0,女,汉,63.0,3.0,IN,6.0,高区,3.47,3800.0,2
261.0,女,汉,51.0,3.0,IN,5.3,高区,1.53,4000.0,2
262.0,女,汉,55.0,3.0,IN,3.6,高区,4.5,5500.0,2
274.0,女,汉,39.0,0.0,IN,3.6,"经区,高区,环翠区",1.12,5880.0,2
278.0,女,汉,50.0,2.0,IN,4.8,"经区,高区,环翠区",3.04,4000.0,2
279.0,女,汉,49.0,3.0,IN,7.8,"经区,高区,环翠区",1.35,6800.0,2
280.0,女,汉,34.0,2.0,IN,4.8,"经区,高区,环翠区",1.15,4600.0,2
281.0,女,汉,45.0,3.0,IN,3.8,"经区,高区,环翠区",2.66,8800.0,2
282.0,女,汉,44.0,3.0,IN,2.1,"经区,高区,环翠区",2.16,8880.0,2
283.0,女,汉,42.0,4.0,IN,9.4,"经区,高区,环翠区",3.2,6000.0,2
284.0,女,汉,40.0,2.0,IN,4.1,"经区,高区,环翠区",3.82,3880.0,2
285.0,女,汉,53.0,3.0,OFF,7.3,"经区,高区,环翠区",3.1,3600.0,2
286.0,女,汉,45.0,2.0,IN,8.1,"经区,高区,环翠区",4.89,5800.0,2
287.0,女,汉,54.0,2.0,IN,4.2,"经区,高区,环翠区",2.6,6000.0,2
288.0,女,汉,51.0,4.0,IN,5.8,"经区,高区,环翠区",4.18,6000.0,2
289.0,女,汉,44.0,4.0,IN,1.9,"经区,高区,环翠区",3.24,3500.0,2
290.0,女,汉,49.0,3.0,IN,5.2,"经区,高区",1.04,5880.0,2
291.0,女,汉,36.0,4.0,IN,4.5,"经区,高区,环翠区",1.7,8000.0,2
292.0,女,汉,52.0,3.0,IN,5.9,"经区,高区,环翠区",1.27,4600.0,2
293.0,女,汉,54.0,2.0,IN,9.6,"经区,高区,环翠区",4.43,6000.0,2
294.0,女,汉,55.0,0.0,IN,9.2,"经区,高区,环翠区",2.85,7880.0,2
295.0,女,汉,41.0,2.0,IN,0.5,"经区,高区,环翠区",4.24,6800.0,2
296.0,女,汉,50.0,2.0,IN,3.8,"经区,高区,环翠区",1.49,9800.0,2
297.0,女,汉,47.0,3.0,IN,3.9,"经区,高区,环翠区",3.66,9880.0,2
298.0,女,汉,51.0,2.0,IN,4.2,"经区,高区,环翠区",2.59,3500.0,2
299.0,女,汉,48.0,2.0,IN,9.3,"经区,高区,环翠区",4.92,3980.0,2
300.0,女,汉,50.0,3.0,IN,2.1,"经区,高区,环翠区",3.19,5500.0,2
305.0,女,汉,44.0,0.0,IN,4.0,"高区,环翠区",4.29,3980.0,2
313.0,女,汉,54.0,2.0,IN,3.0,高区,4.26,3800.0,2
321.0,女,汉,44.0,2.0,IN,8.9,其他,1.42,6800.0,2
328.0,女,汉,50.0,2.0,IN,2.8,其他,2.13,4880.0,2
331.0,女,汉,51.0,2.0,IN,1.5,其他,2.75,4880.0,2
333.0,女,汉,50.0,2.0,IN,1.1,其他,2.85,4880.0,2
335.0,女,汉,30.0,2.0,IN,4.6,其他,1.89,5000.0,2
337.0,女,汉,44.0,2.0,IN,5.1,其他,3.41,4880.0,2
339.0,女,汉,49.0,2.0,IN,5.6,其他,2.23,4880.0,2
344.0,女,汉,51.0,0.0,IN,9.0,"经区,高区,环翠区,其他",4.53,7000.0,2
345.0,女,汉,45.0,0.0,IN,3.7,"经区,高区,环翠区,其他",2.79,6800.0,2
346.0,女,汉,51.0,0.0,IN,6.5,"经区,高区,环翠区",2.3,5888.0,2
348.0,女,汉,45.0,0.0,IN,3.0,"经区,环翠区",2.04,5500.0,2
349.0,女,汉,48.0,0.0,IN,2.7,其他,4.9,4880.0,2
350.0,男,汉,24.0,3.0,IN,7.9,"高区,环翠区",3.89,3500.0,2
373.0,女,汉,49.0,2.0,IN,1.3,经区,3.01,8800.0,2
379.0,女,汉,50.0,2.0,IN,1.0,"经区,高区,环翠区,其他",3.62,5880.0,2
380.0,女,汉,50.0,2.0,IN,10.0,"经区,高区,环翠区,其他",2.33,6800.0,2
384.0,女,汉,48.0,3.0,IN,2.6,"经区,高区,环翠区,其他",4.9,8800.0,2
386.0,女,汉,51.0,0.0,IN,4.6,"经区,高区,环翠区",4.53,8000.0,2
387.0,女,汉,48.0,2.0,IN,3.8,"经区,高区,环翠区,其他",1.13,5880.0,2
388.0,女,汉,42.0,3.0,IN,5.8,"经区,环翠区",2.63,4500.0,2
390.0,女,汉,43.0,3.0,IN,6.0,"经区,高区,环翠区",3.04,5800.0,2
391.0,女,汉,49.0,0.0,IN,1.2,"经区,高区,环翠区,其他",1.71,5800.0,2
392.0,女,汉,52.0,0.0,IN,5.0,"经区,高区,环翠区",1.08,5000.0,2
393.0,女,汉,47.0,0.0,IN,5.9,"经区,高区,环翠区,其他",2.04,5800.0,2
397.0,女,汉,47.0,3.0,IN,9.5,"经区,高区,环翠区",3.87,5000.0,2
398.0,女,汉,48.0,2.0,IN,7.2,"经区,高区,环翠区",4.19,5880.0,2
400.0,女,汉,49.0,2.0,IN,4.0,"经区,高区,环翠区",4.32,5880.0,2
401.0,女,汉,48.0,3.0,IN,4.6,"经区,高区,环翠区",2.55,4500.0,2
402.0,女,汉,48.0,2.0,IN,3.9,"经区,高区",2.04,6880.0,2
403.0,女,汉,36.0,2.0,IN,2.4,"经区,高区,环翠区",1.74,6880.0,2
404.0,女,汉,54.0,0.0,IN,8.8,"经区,高区,环翠区",4.4,4000.0,2
405.0,女,汉,34.0,3.0,IN,4.9,"经区,高区,环翠区",4.09,6880.0,2
410.0,女,汉,40.0,3.0,IN,4.0,"经区,高区",3.75,5888.0,2
415.0,女,汉,55.0,0.0,IN,8.3,"经区,高区,环翠区,其他",3.89,4000.0,2
416.0,女,汉,38.0,3.0,IN,0.2,"经区,高区,环翠区",4.23,4880.0,2
420.0,女,汉,47.0,2.0,IN,1.5,"经区,高区,环翠区",1.2,6700.0,2
424.0,女,汉,48.0,2.0,IN,8.2,"经区,环翠区",1.51,4150.0,2
426.0,女,汉,45.0,3.0,IN,2.8,其他,1.57,6880.0,2
427.0,女,汉,39.0,3.0,IN,5.5,"经区,环翠区",4.25,5000.0,2
428.0,女,汉,48.0,2.0,IN,4.6,"经区,高区,环翠区",3.13,5500.0,2
429.0,女,汉,46.0,2.0,IN,0.5,"经区,环翠区",2.17,4880.0,2
430.0,女,汉,53.0,0.0,IN,9.6,"经区,高区,环翠区",1.96,5880.0,2
431.0,女,汉,52.0,2.0,IN,7.8,"高区,环翠区",1.52,4880.0,2
432.0,女,汉,50.0,2.0,IN,1.6,"高区,环翠区",3.7,6000.0,2
433.0,女,汉,45.0,0.0,IN,7.9,"高区,环翠区",2.33,5000.0,2
434.0,女,汉,50.0,2.0,IN,3.0,"高区,环翠区",1.6,4880.0,2
435.0,女,汉,36.0,2.0,IN,8.9,"高区,环翠区",3.1,4500.0,2
800.0,女,汉,45.0,5.0,IN,7.9,高区,2.69,5000.0,2
876.0,女,汉,44.0,5.0,IN,8.5,高区,1.55,8000.0,2
877.0,女,汉,55.0,5.0,IN,9.8,高区,3.68,8000.0,2
878.0,女,汉,52.0,5.0,IN,8.3,高区,2.69,6000.0,2
880.0,女,汉,47.0,5.0,IN,2.4,高区,4.21,6000.0,2
881.0,女,汉,45.0,5.0,IN,6.4,高区,2.23,6000.0,2
882.0,女,汉,32.0,5.0,IN,9.6,高区,1.77,6000.0,2
883.0,女,汉,52.0,5.0,IN,1.5,高区,1.08,8000.0,2
885.0,女,汉,55.0,5.0,IN,9.8,高区,4.58,6000.0,2
886.0,女,汉,53.0,5.0,IN,8.9,高区,4.77,6000.0,2
887.0,女,汉,52.0,5.0,IN,3.3,高区,4.58,6000.0,2
888.0,女,汉,42.0,5.0,IN,9.6,高区,1.61,6000.0,2
889.0,女,汉,46.0,5.0,IN,5.1,高区,2.91,6000.0,2
890.0,女,汉,55.0,5.0,IN,8.0,高区,1.71,6000.0,2
891.0,女,汉,53.0,5.0,IN,2.0,高区,3.03,6000.0,2
892.0,女,汉,32.0,5.0,IN,9.4,高区,2.59,6000.0,2
893.0,女,汉,51.0,5.0,IN,2.5,高区,2.56,6000.0,2
894.0,女,汉,55.0,5.0,IN,1.3,高区,1.59,6000.0,2
895.0,女,汉,44.0,5.0,IN,0.4,高区,4.33,6000.0,2
896.0,女,汉,54.0,5.0,IN,4.9,高区,1.19,6000.0,2
897.0,女,汉,41.0,5.0,IN,2.1,高区,3.33,6000.0,2
898.0,女,汉,55.0,5.0,IN,4.2,高区,2.85,6000.0,2
906.0,女,汉,36.0,5.0,IN,4.5,环翠区,1.23,5880.0,2
926.0,女,汉,60.0,5.0,IN,3.4,环翠区,3.59,6880.0,2
927.0,女,汉,47.0,5.0,IN,7.0,环翠区,2.35,6880.0,2
928.0,女,汉,72.0,5.0,IN,5.3,环翠区,3.87,6880.0,2
930.0,女,汉,33.0,5.0,IN,8.8,环翠区,1.51,6880.0,2
932.0,女,汉,41.0,5.0,IN,2.0,环翠区,1.03,6880.0,2
935.0,女,汉,50.0,5.0,IN,3.6,环翠区,2.75,6880.0,2
936.0,女,汉,68.0,5.0,IN,7.3,环翠区,3.41,7880.0,2
938.0,女,汉,64.0,5.0,IN,8.6,环翠区,2.56,6880.0,2
939.0,女,汉,42.0,5.0,IN,5.6,环翠区,1.42,6880.0,2
942.0,女,汉,63.0,5.0,IN,9.8,环翠区,4.23,6880.0,2
949.0,女,汉,38.0,5.0,IN,4.9,环翠区,2.94,6880.0,2
951.0,女,汉,55.0,5.0,IN,5.2,环翠区,4.85,4880.0,2
956.0,女,汉,60.0,5.0,IN,4.3,环翠区,2.59,6880.0,2
957.0,女,汉,46.0,5.0,IN,5.8,环翠区,4.87,5880.0,2
958.0,女,汉,50.0,5.0,IN,1.6,环翠区,2.26,5880.0,2
959.0,女,汉,61.0,5.0,IN,7.1,环翠区,4.45,6880.0,2
960.0,女,汉,66.0,5.0,IN,3.7,环翠区,4.98,6880.0,2
962.0,女,汉,29.0,5.0,IN,8.7,环翠区,3.95,6880.0,2
963.0,女,汉,26.0,5.0,IN,4.6,环翠区,1.51,6880.0,2
964.0,女,汉,26.0,5.0,IN,5.4,环翠区,1.47,5880.0,2
965.0,女,汉,33.0,5.0,IN,0.1,环翠区,4.22,5880.0,2
968.0,女,汉,51.0,5.0,IN,2.0,环翠区,4.62,5880.0,2
981.0,女,汉,63.0,5.0,IN,1.0,环翠区,2.62,5880.0,2
982.0,女,汉,37.0,5.0,IN,0.9,环翠区,1.97,7880.0,2
983.0,女,汉,43.0,5.0,IN,4.9,环翠区,4.26,7880.0,2
984.0,女,汉,67.0,5.0,IN,3.9,环翠区,1.18,9880.0,2
985.0,女,汉,50.0,5.0,IN,4.9,环翠区,1.82,6880.0,2
986.0,女,汉,66.0,5.0,IN,3.5,环翠区,4.67,6880.0,2
987.0,女,汉,39.0,5.0,IN,2.5,环翠区,2.61,6880.0,2
988.0,女,汉,23.0,5.0,IN,3.1,环翠区,2.91,6880.0,2
989.0,女,汉,23.0,5.0,IN,5.9,环翠区,2.53,6880.0,2
990.0,女,汉,33.0,5.0,IN,6.5,环翠区,1.74,6880.0,2
991.0,女,汉,52.0,5.0,IN,1.4,环翠区,2.33,6880.0,2
992.0,女,汉,58.0,5.0,IN,4.5,环翠区,3.17,6880.0,2
993.0,女,汉,71.0,5.0,IN,4.2,环翠区,4.15,6880.0,2
994.0,女,汉,43.0,5.0,IN,4.0,环翠区,2.92,7880.0,2
1003.0,女,汉,42.0,5.0,IN,1.6,环翠区,3.15,4800.0,2
1016.0,女,汉,54.0,5.0,IN,4.8,高区,2.56,5000.0,2
1032.0,女,汉,36.0,5.0,IN,4.3,"经区,高区,环翠区",3.78,4500.0,2
1033.0,女,汉,49.0,5.0,IN,6.8,"经区,高区,环翠区",2.23,4500.0,2
1034.0,女,汉,52.0,5.0,IN,6.2,"经区,高区,环翠区",4.63,4800.0,2
1035.0,女,汉,48.0,5.0,IN,5.0,"经区,高区,环翠区",1.86,4500.0,2
1038.0,女,汉,50.0,5.0,IN,0.2,"经区,高区,环翠区",1.44,3800.0,2
1039.0,女,汉,45.0,5.0,IN,9.4,"经区,高区,环翠区",4.91,4500.0,2
1040.0,女,汉,50.0,5.0,IN,0.6,"经区,高区,环翠区",3.38,4500.0,2
1041.0,女,汉,53.0,5.0,IN,9.1,"经区,高区,环翠区",1.78,4800.0,2
1043.0,女,汉,48.0,5.0,IN,3.9,"经区,高区,环翠区",4.63,5800.0,2
1044.0,女,汉,55.0,5.0,IN,8.9,"经区,高区,环翠区",4.84,4600.0,2
1046.0,女,汉,48.0,5.0,IN,2.3,"经区,高区,环翠区",2.03,3800.0,2
1047.0,女,汉,53.0,5.0,IN,4.9,"经区,高区,环翠区",1.59,3500.0,2
1048.0,女,汉,49.0,5.0,IN,1.3,"经区,高区,环翠区",1.15,3600.0,2
1049.0,女,汉,50.0,5.0,IN,4.6,"经区,高区,环翠区",3.94,3800.0,2
1060.0,女,汉,49.0,5.0,IN,0.5,"经区,高区,环翠区",1.69,4500.0,2
1061.0,女,汉,61.0,5.0,IN,7.3,"经区,高区,环翠区",1.88,4800.0,2
1062.0,女,汉,38.0,5.0,IN,5.9,"经区,高区,环翠区",4.23,4500.0,2
1063.0,女,汉,53.0,5.0,IN,6.8,"经区,高区,环翠区",2.49,5800.0,2
1066.0,女,汉,33.0,5.0,IN,7.1,"经区,高区,环翠区",1.67,4500.0,2
1067.0,女,汉,49.0,5.0,IN,3.9,"经区,高区,环翠区",3.2,4500.0,2
1068.0,女,汉,50.0,5.0,IN,7.8,"经区,高区,环翠区",3.94,4800.0,2
1069.0,女,汉,53.0,5.0,IN,8.5,"经区,高区,环翠区",3.71,4500.0,2
1071.0,女,汉,51.0,5.0,IN,2.8,"经区,高区,环翠区",2.04,4500.0,2
1072.0,女,汉,58.0,5.0,IN,2.4,"经区,高区,环翠区",3.4,4500.0,2
1074.0,女,汉,50.0,5.0,IN,2.3,"经区,高区,环翠区",4.93,4500.0,2
1085.0,女,汉,30.0,5.0,IN,0.0,"经区,高区,环翠区",2.83,4600.0,2
1087.0,女,汉,56.0,5.0,IN,4.8,"经区,高区,环翠区",1.85,4500.0,2
1088.0,女,汉,46.0,5.0,IN,0.7,"经区,高区,环翠区",2.06,4500.0,2
1091.0,女,汉,44.0,5.0,IN,9.3,"经区,高区,环翠区",4.96,4800.0,2
1093.0,女,汉,43.0,5.0,IN,9.4,"经区,高区,环翠区",4.74,5800.0,2
1094.0,女,汉,34.0,5.0,IN,9.4,"经区,高区,环翠区",3.1,4600.0,2
1096.0,女,汉,43.0,5.0,IN,1.1,"经区,高区,环翠区",3.22,4500.0,2
1097.0,女,汉,59.0,5.0,IN,8.9,"经区,高区,环翠区",3.21,4500.0,2
1099.0,女,汉,46.0,5.0,IN,7.5,"经区,高区,环翠区",2.99,4500.0,2
1303.0,女,汉,47.0,3.0,IN,7.7,"经区,高区,环翠区",4.94,7880.0,2
1304.0,女,汉,39.0,3.0,IN,0.0,"经区,高区,环翠区",3.36,7880.0,2
1305.0,女,汉,46.0,2.0,IN,5.6,"经区,高区,环翠区",3.43,6880.0,2
1306.0,女,汉,44.0,3.0,IN,1.5,"经区,高区,环翠区",1.44,7880.0,2
1307.0,女,汉,52.0,2.0,IN,1.8,"经区,高区,环翠区",3.13,6880.0,2
3.0,女,汉,45.0,3.0,IN,7.3,"经区,高区,环翠区,其他",4.98,12800.0,3
4.0,女,汉,48.0,3.0,IN,1.8,"经区,高区,环翠区,其他",3.6,6880.0,3
6.0,女,汉,52.0,3.0,IN,6.6,"经区,环翠区",2.48,4880.0,3
9.0,女,汉,45.0,4.0,IN,7.9,"经区,环翠区",4.86,5880.0,3
15.0,女,汉,40.0,3.0,IN,2.7,"经区,高区,环翠区",3.9,5880.0,3
26.0,女,汉,35.0,2.0,IN,7.5,"经区,环翠区",2.9,5880.0,3
41.0,女,汉,30.0,5.0,IN,9.9,"经区,高区,环翠区",3.0,5880.0,3
92.0,女,汉,47.0,3.0,IN,0.4,"经区,环翠区",4.83,6000.0,3
94.0,女,汉,49.0,3.0,IN,1.8,"经区,高区,环翠区",4.72,5500.0,3
95.0,女,汉,46.0,3.0,IN,8.6,"经区,高区,环翠区,其他",1.13,5880.0,3
96.0,女,汉,43.0,3.0,IN,5.5,"经区,高区,环翠区",3.82,6800.0,3
97.0,女,汉,44.0,3.0,IN,0.3,"经区,高区,环翠区",2.36,6000.0,3
98.0,女,汉,49.0,2.0,IN,1.8,"经区,高区,环翠区",2.07,6000.0,3
99.0,女,汉,44.0,3.0,IN,4.1,"经区,高区,环翠区,其他",1.14,5880.0,3
100.0,女,汉,42.0,2.0,IN,1.5,"经区,环翠区",2.35,5000.0,3
102.0,女,汉,48.0,4.0,IN,7.4,"经区,高区,环翠区",1.23,3600.0,3
105.0,女,汉,46.0,2.0,IN,5.3,"经区,高区,环翠区",4.16,6880.0,3
109.0,女,汉,45.0,2.0,IN,1.4,"高区,环翠区",2.87,4500.0,3
121.0,女,汉,48.0,3.0,IN,0.1,"经区,环翠区,其他",4.36,6880.0,3
123.0,女,汉,55.0,3.0,IN,6.1,"经区,高区,环翠区,其他",1.92,12800.0,3
141.0,女,汉,34.0,2.0,IN,0.1,"经区,高区,环翠区",2.02,5500.0,3
153.0,女,汉,50.0,2.0,IN,3.7,"经区,高区,环翠区",2.9,5500.0,3
157.0,女,汉,44.0,2.0,IN,6.8,"经区,高区,环翠区",2.89,4800.0,3
158.0,女,汉,37.0,3.0,IN,5.7,"经区,高区,环翠区",4.48,7880.0,3
161.0,女,汉,46.0,2.0,IN,3.4,"经区,高区,环翠区",1.23,5000.0,3
163.0,女,汉,49.0,2.0,IN,6.8,"经区,高区,环翠区,其他",4.51,6000.0,3
168.0,女,汉,34.0,2.0,IN,8.2,"经区,高区,环翠区",1.03,7300.0,3
169.0,女,汉,49.0,2.0,IN,4.1,"经区,环翠区",3.17,6000.0,3
170.0,女,汉,44.0,3.0,IN,8.2,"经区,高区,环翠区,其他",1.21,6880.0,3
172.0,女,汉,38.0,2.0,IN,9.1,"经区,环翠区",2.19,5500.0,3
174.0,女,汉,42.0,4.0,IN,6.3,"经区,高区,环翠区,其他",2.84,6800.0,3
175.0,女,汉,45.0,3.0,IN,0.7,"经区,高区,环翠区",1.93,6000.0,3
176.0,女,汉,44.0,2.0,IN,6.4,"经区,高区,环翠区",2.48,5000.0,3
177.0,女,汉,44.0,3.0,IN,4.4,"经区,环翠区,其他",2.85,6800.0,3
180.0,女,汉,39.0,3.0,IN,7.3,"经区,环翠区,其他",4.64,5600.0,3
181.0,女,汉,52.0,3.0,IN,1.6,"经区,环翠区",3.18,6500.0,3
182.0,女,汉,31.0,3.0,OFF,4.7,"经区,环翠区",2.32,3500.0,3
192.0,女,汉,49.0,2.0,IN,3.5,"经区,高区,环翠区,其他",2.93,5880.0,3
196.0,女,汉,48.0,1.0,IN,1.7,"高区,环翠区",1.63,5000.0,3
197.0,女,汉,47.0,1.0,IN,2.3,"高区,环翠区",3.94,4580.0,3
208.0,女,汉,43.0,0.0,IN,5.2,"经区,高区,环翠区,其他",2.0,6000.0,3
211.0,女,汉,49.0,3.0,IN,2.9,"经区,高区,环翠区,其他",1.16,7300.0,3
220.0,女,汉,56.0,0.0,IN,5.5,"高区,环翠区",4.0,4580.0,3
234.0,女,汉,48.0,4.0,IN,7.4,"经区,高区,环翠区,其他",3.36,7000.0,3
235.0,女,汉,45.0,3.0,IN,2.9,"经区,高区,环翠区",2.46,5800.0,3
236.0,女,汉,35.0,3.0,IN,9.9,"经区,高区,环翠区,其他",2.09,6500.0,3
237.0,女,汉,43.0,3.0,IN,6.3,"经区,高区,环翠区,其他",1.79,5600.0,3
238.0,女,汉,52.0,0.0,IN,8.1,"经区,高区,环翠区,其他",4.67,12800.0,3
239.0,女,汉,52.0,3.0,IN,0.4,"经区,高区,环翠区",1.13,4580.0,3
257.0,女,汉,49.0,3.0,IN,5.8,"经区,高区,环翠区",3.54,7000.0,3
258.0,女,汉,41.0,3.0,IN,1.0,"经区,高区,环翠区",2.48,4500.0,3
260.0,女,汉,42.0,5.0,IN,0.7,"经区,高区,其他",2.14,7000.0,3
263.0,女,汉,38.0,4.0,IN,5.5,"高区,环翠区",3.47,6000.0,3
264.0,女,汉,38.0,4.0,IN,2.7,"经区,高区,环翠区",4.07,6000.0,3
265.0,女,汉,38.0,4.0,IN,9.9,"经区,高区,环翠区",3.1,6000.0,3
266.0,女,汉,37.0,4.0,IN,6.9,"经区,高区,环翠区",1.07,6000.0,3
267.0,女,汉,40.0,0.0,IN,5.2,"经区,高区,环翠区",4.75,9880.0,3
268.0,女,汉,41.0,0.0,IN,5.1,"经区,高区,环翠区",1.92,5500.0,3
269.0,女,汉,28.0,0.0,IN,1.6,高区,4.86,4000.0,3
270.0,女,汉,42.0,0.0,IN,8.8,"高区,环翠区",1.54,4500.0,3
271.0,女,汉,45.0,3.0,IN,5.2,"经区,高区,环翠区",4.08,6500.0,3
272.0,女,汉,51.0,0.0,IN,0.1,"高区,环翠区",3.47,5000.0,3
273.0,女,汉,49.0,3.0,IN,7.5,"经区,高区,环翠区",3.66,5500.0,3
274.0,女,汉,39.0,0.0,IN,3.6,"经区,高区,环翠区",1.12,4800.0,3
275.0,女,汉,29.0,0.0,IN,4.2,高区,3.13,5600.0,3
276.0,女,汉,32.0,3.0,IN,7.8,"经区,高区,环翠区",4.07,4800.0,3
277.0,女,汉,43.0,0.0,IN,2.4,高区,4.29,5800.0,3
290.0,女,汉,49.0,3.0,IN,5.2,"经区,高区",1.04,5600.0,3
300.0,女,汉,50.0,3.0,IN,2.1,"经区,高区,环翠区",3.19,4800.0,3
334.0,女,汉,32.0,3.0,IN,0.4,其他,3.14,5000.0,3
335.0,女,汉,30.0,2.0,IN,4.6,其他,1.89,5000.0,3
347.0,女,汉,47.0,3.0,IN,9.2,"经区,高区,环翠区",3.98,9880.0,3
379.0,女,汉,50.0,2.0,IN,1.0,"经区,高区,环翠区,其他",3.62,5000.0,3
380.0,女,汉,50.0,2.0,IN,10.0,"经区,高区,环翠区,其他",2.33,7300.0,3
385.0,女,汉,49.0,2.0,IN,0.2,"经区,高区,环翠区,其他",5.0,6000.0,3
388.0,女,汉,42.0,3.0,IN,5.8,"经区,环翠区",2.63,5800.0,3
391.0,女,汉,49.0,0.0,IN,1.2,"经区,高区,环翠区,其他",1.71,5600.0,3
398.0,女,汉,48.0,2.0,IN,7.2,"经区,高区,环翠区",4.19,6326.0,3
400.0,女,汉,49.0,2.0,IN,4.0,"经区,高区,环翠区",4.32,7000.0,3
401.0,女,汉,48.0,3.0,IN,4.6,"经区,高区,环翠区",2.55,7000.0,3
403.0,女,汉,36.0,2.0,IN,2.4,"经区,高区,环翠区",1.74,6000.0,3
404.0,女,汉,54.0,0.0,IN,8.8,"经区,高区,环翠区",4.4,6000.0,3
405.0,女,汉,34.0,3.0,IN,4.9,"经区,高区,环翠区",4.09,6880.0,3
406.0,女,汉,44.0,3.0,IN,10.0,经区,3.5,5000.0,3
410.0,女,汉,40.0,3.0,IN,4.0,"经区,高区",3.75,5000.0,3
416.0,女,汉,38.0,3.0,IN,0.2,"经区,高区,环翠区",4.23,4580.0,3
424.0,女,汉,48.0,2.0,IN,8.2,"经区,环翠区",1.51,4500.0,3
427.0,女,汉,39.0,3.0,IN,5.5,"经区,环翠区",4.25,5000.0,3
433.0,女,汉,45.0,0.0,IN,7.9,"高区,环翠区",2.33,5000.0,3
435.0,女,汉,36.0,2.0,IN,8.9,"高区,环翠区",3.1,4500.0,3
906.0,女,汉,36.0,5.0,IN,4.5,环翠区,1.23,5880.0,3
926.0,女,汉,60.0,5.0,IN,3.4,环翠区,3.59,6880.0,3
927.0,女,汉,47.0,5.0,IN,7.0,环翠区,2.35,6880.0,3
928.0,女,汉,72.0,5.0,IN,5.3,环翠区,3.87,6880.0,3
930.0,女,汉,33.0,5.0,IN,8.8,环翠区,1.51,6880.0,3
932.0,女,汉,41.0,5.0,IN,2.0,环翠区,1.03,6880.0,3
935.0,女,汉,50.0,5.0,IN,3.6,环翠区,2.75,6880.0,3
936.0,女,汉,68.0,5.0,IN,7.3,环翠区,3.41,7880.0,3
938.0,女,汉,64.0,5.0,IN,8.6,环翠区,2.56,6880.0,3
939.0,女,汉,42.0,5.0,IN,5.6,环翠区,1.42,6880.0,3
942.0,女,汉,63.0,5.0,IN,9.8,环翠区,4.23,6880.0,3
949.0,女,汉,38.0,5.0,IN,4.9,环翠区,2.94,6880.0,3
951.0,女,汉,55.0,5.0,IN,5.2,环翠区,4.85,4880.0,3
956.0,女,汉,60.0,5.0,IN,4.3,环翠区,2.59,6880.0,3
957.0,女,汉,46.0,5.0,IN,5.8,环翠区,4.87,5880.0,3
958.0,女,汉,50.0,5.0,IN,1.6,环翠区,2.26,5880.0,3
959.0,女,汉,61.0,5.0,IN,7.1,环翠区,4.45,6880.0,3
960.0,女,汉,66.0,5.0,IN,3.7,环翠区,4.98,6880.0,3
962.0,女,汉,29.0,5.0,IN,8.7,环翠区,3.95,6880.0,3
963.0,女,汉,26.0,5.0,IN,4.6,环翠区,1.51,6880.0,3
964.0,女,汉,26.0,5.0,IN,5.4,环翠区,1.47,5880.0,3
965.0,女,汉,33.0,5.0,IN,0.1,环翠区,4.22,5880.0,3
968.0,女,汉,51.0,5.0,IN,2.0,环翠区,4.62,5880.0,3
981.0,女,汉,63.0,5.0,IN,1.0,环翠区,2.62,5880.0,3
982.0,女,汉,37.0,5.0,IN,0.9,环翠区,1.97,7880.0,3
983.0,女,汉,43.0,5.0,IN,4.9,环翠区,4.26,7880.0,3
984.0,女,汉,67.0,5.0,IN,3.9,环翠区,1.18,9880.0,3
985.0,女,汉,50.0,5.0,IN,4.9,环翠区,1.82,6880.0,3
986.0,女,汉,66.0,5.0,IN,3.5,环翠区,4.67,6880.0,3
987.0,女,汉,39.0,5.0,IN,2.5,环翠区,2.61,6880.0,3
988.0,女,汉,23.0,5.0,IN,3.1,环翠区,2.91,6880.0,3
989.0,女,汉,23.0,5.0,IN,5.9,环翠区,2.53,6880.0,3
990.0,女,汉,33.0,5.0,IN,6.5,环翠区,1.74,6880.0,3
991.0,女,汉,52.0,5.0,IN,1.4,环翠区,2.33,6880.0,3
992.0,女,汉,58.0,5.0,IN,4.5,环翠区,3.17,6880.0,3
993.0,女,汉,71.0,5.0,IN,4.2,环翠区,4.15,6880.0,3
994.0,女,汉,43.0,5.0,IN,4.0,环翠区,2.92,7880.0,3
998.0,女,汉,45.0,5.0,IN,2.4,环翠区,2.31,3800.0,3
1000.0,女,汉,46.0,5.0,IN,8.1,环翠区,1.14,3500.0,3
1002.0,女,汉,35.0,5.0,IN,0.5,环翠区,3.22,3500.0,3
1005.0,女,汉,48.0,5.0,IN,1.8,环翠区,2.38,3500.0,3
1020.0,女,汉,35.0,5.0,IN,8.9,"经区,高区,环翠区",4.5,3500.0,3
1022.0,女,汉,31.0,5.0,IN,2.0,"经区,高区,环翠区",2.0,3800.0,3
1023.0,女,汉,52.0,5.0,IN,2.8,"经区,高区,环翠区",1.12,4500.0,3
1024.0,女,汉,46.0,5.0,IN,6.2,"经区,高区,环翠区",2.35,4500.0,3
1025.0,女,汉,52.0,5.0,IN,9.3,"经区,高区,环翠区",2.5,4800.0,3
1027.0,女,汉,36.0,5.0,IN,8.7,"经区,高区,环翠区",1.85,5800.0,3
1030.0,女,汉,49.0,5.0,IN,8.2,"经区,高区,环翠区",3.0,3600.0,3
1031.0,女,汉,50.0,5.0,IN,10.0,"经区,高区,环翠区",3.09,3800.0,3
1051.0,女,汉,49.0,5.0,IN,8.4,"经区,高区,环翠区",4.3,4500.0,3
1052.0,女,汉,63.0,5.0,IN,3.5,"经区,高区,环翠区",3.19,4800.0,3
1053.0,女,汉,49.0,5.0,IN,8.9,"经区,高区,环翠区",3.17,4500.0,3
1058.0,女,汉,57.0,5.0,IN,5.9,"经区,高区,环翠区",3.45,3800.0,3
1059.0,女,汉,46.0,5.0,IN,9.2,"经区,高区,环翠区",4.64,4500.0,3
1076.0,女,汉,50.0,5.0,IN,8.9,"经区,高区,环翠区",2.15,4600.0,3
1077.0,女,汉,47.0,5.0,IN,1.3,"经区,高区,环翠区",2.55,3500.0,3
1080.0,女,汉,48.0,5.0,IN,8.8,"经区,高区,环翠区",3.64,4500.0,3
1083.0,女,汉,33.0,5.0,IN,8.6,"经区,高区,环翠区",4.67,4500.0,3
1084.0,女,汉,49.0,5.0,IN,7.3,"经区,高区,环翠区",2.41,5800.0,3
1303.0,女,汉,47.0,3.0,IN,7.7,"经区,高区,环翠区",4.94,6000.0,3
1304.0,女,汉,39.0,3.0,IN,0.0,"经区,高区,环翠区",3.36,6880.0,3
1305.0,女,汉,46.0,2.0,IN,5.6,"经区,高区,环翠区",3.43,7300.0,3
1306.0,女,汉,44.0,3.0,IN,1.5,"经区,高区,环翠区",1.44,6880.0,3
1307.0,女,汉,52.0,2.0,IN,1.8,"经区,高区,环翠区",3.13,4600.0,3
5.0,女,汉,40.0,3.0,IN,1.3,"经区,高区,环翠区,其他",2.73,4500.0,4
7.0,女,汉,49.0,2.0,IN,9.2,"经区,环翠区",3.79,8100.0,4
8.0,女,汉,48.0,4.0,IN,6.1,"经区,环翠区",4.8,8100.0,4
9.0,女,汉,45.0,4.0,IN,7.9,"经区,环翠区",4.86,4500.0,4
10.0,女,汉,45.0,3.0,IN,5.7,"经区,高区,环翠区,其他",2.82,9000.0,4
11.0,女,汉,44.0,3.0,IN,2.4,"经区,高区,环翠区",3.83,12800.0,4
12.0,女,汉,46.0,3.0,IN,5.8,"经区,高区,环翠区",2.9,5000.0,4
13.0,女,汉,48.0,3.0,IN,1.2,"经区,高区,环翠区",2.66,5000.0,4
14.0,女,汉,49.0,3.0,IN,5.9,"经区,高区,环翠区",2.4,7200.0,4
15.0,女,汉,40.0,3.0,IN,2.7,"经区,高区,环翠区",3.9,6380.0,4
16.0,女,汉,45.0,3.0,IN,2.7,"经区,环翠区",2.93,8100.0,4
17.0,女,汉,38.0,2.0,IN,9.0,"经区,环翠区",3.7,4000.0,4
25.0,女,汉,55.0,0.0,IN,5.4,"高区,环翠区",4.38,7200.0,4
34.0,女,汉,53.0,2.0,IN,4.2,"经区,高区,环翠区",3.94,9750.0,4
35.0,男,汉,58.0,2.0,IN,7.9,"经区,高区,环翠区",2.0,9750.0,4
36.0,男,汉,48.0,2.0,IN,3.8,"经区,高区,环翠区",4.57,9750.0,4
43.0,男,汉,50.0,3.0,IN,6.9,"经区,高区,环翠区",2.46,9000.0,4
44.0,男,汉,56.0,3.0,IN,8.3,"经区,高区,环翠区",1.85,9750.0,4
45.0,女,汉,51.0,2.0,IN,9.8,"经区,高区,环翠区",2.12,9000.0,4
48.0,女,汉,53.0,3.0,IN,8.1,"高区,环翠区",4.35,9750.0,4
55.0,女,汉,49.0,2.0,IN,3.7,"经区,高区,环翠区",1.98,4500.0,4
67.0,女,汉,40.0,3.0,IN,7.6,"经区,高区,环翠区",1.16,9750.0,4
71.0,女,汉,54.0,2.0,IN,8.3,"经区,环翠区",3.29,4500.0,4
72.0,男,汉,61.0,3.0,IN,6.5,"经区,高区,环翠区",4.28,9000.0,4
88.0,女,汉,61.0,3.0,IN,5.3,"经区,高区,环翠区",4.1,3000.0,4
99.0,女,汉,44.0,3.0,IN,4.1,"经区,高区,环翠区,其他",1.14,4000.0,4
129.0,女,汉,54.0,0.0,IN,6.2,经区,2.49,8100.0,4
131.0,女,汉,54.0,0.0,IN,3.1,经区,4.08,5000.0,4
138.0,女,汉,48.0,0.0,IN,4.8,经区,1.72,8400.0,4
143.0,女,汉,57.0,0.0,IN,4.9,环翠区,2.12,8100.0,4
145.0,女,汉,55.0,0.0,IN,2.4,环翠区,2.17,9000.0,4
149.0,女,汉,57.0,0.0,IN,9.7,"经区,环翠区",3.31,4000.0,4
167.0,女,汉,51.0,0.0,IN,4.8,"经区,高区",3.23,8100.0,4
173.0,女,汉,50.0,0.0,IN,2.8,高区,3.28,5000.0,4
201.0,女,汉,55.0,2.0,IN,3.2,"经区,高区,环翠区",4.65,9750.0,4
215.0,女,汉,56.0,0.0,IN,8.7,高区,3.25,9750.0,4
235.0,女,汉,45.0,3.0,IN,2.9,"经区,高区,环翠区",2.46,5000.0,4
258.0,女,汉,41.0,3.0,IN,1.0,"经区,高区,环翠区",2.48,4000.0,4
298.0,女,汉,51.0,2.0,IN,4.2,"经区,高区,环翠区",2.59,8100.0,4
302.0,男,汉,60.0,0.0,IN,1.7,"经区,高区",4.01,8100.0,4
304.0,女,汉,55.0,0.0,IN,6.0,"经区,高区,环翠区",3.02,5000.0,4
324.0,女,汉,52.0,2.0,IN,0.7,高区,2.09,9750.0,4
326.0,女,汉,55.0,2.0,IN,2.8,高区,3.49,9750.0,4
328.0,女,汉,50.0,2.0,IN,2.8,其他,2.13,9750.0,4
339.0,女,汉,49.0,2.0,IN,5.6,其他,2.23,9750.0,4
349.0,女,汉,48.0,0.0,IN,2.7,其他,4.9,9750.0,4
350.0,男,汉,24.0,3.0,IN,7.9,"高区,环翠区",3.89,9000.0,4
366.0,男,汉,53.0,2.0,IN,3.5,其他,4.61,9750.0,4
378.0,男,汉,63.0,1.0,IN,8.8,其他,4.07,9000.0,4
390.0,女,汉,43.0,3.0,IN,6.0,"经区,高区,环翠区",3.04,3000.0,4
391.0,女,汉,49.0,0.0,IN,1.2,"经区,高区,环翠区,其他",1.71,5600.0,4
392.0,女,汉,52.0,0.0,IN,5.0,"经区,高区,环翠区",1.08,5000.0,4
398.0,女,汉,48.0,2.0,IN,7.2,"经区,高区,环翠区",4.19,8100.0,4
399.0,女,汉,50.0,2.0,IN,6.6,"经区,高区,环翠区",4.2,5000.0,4
401.0,女,汉,48.0,3.0,IN,4.6,"经区,高区,环翠区",2.55,9000.0,4
402.0,女,汉,48.0,2.0,IN,3.9,"经区,高区",2.04,7200.0,4
403.0,女,汉,36.0,2.0,IN,2.4,"经区,高区,环翠区",1.74,8100.0,4
404.0,女,汉,54.0,0.0,IN,8.8,"经区,高区,环翠区",4.4,9000.0,4
419.0,女,汉,53.0,0.0,IN,3.4,"经区,高区,环翠区",4.04,4000.0,4
420.0,女,汉,47.0,2.0,IN,1.5,"经区,高区,环翠区",1.2,8400.0,4
428.0,女,汉,48.0,2.0,IN,4.6,"经区,高区,环翠区",3.13,8100.0,4
430.0,女,汉,53.0,0.0,IN,9.6,"经区,高区,环翠区",1.96,8100.0,4
432.0,女,汉,50.0,2.0,IN,1.6,"高区,环翠区",3.7,4800.0,4
434.0,女,汉,50.0,2.0,IN,3.0,"高区,环翠区",1.6,4190.0,4
436.0,男,汉,48.0,2.0,IN,2.6,"经区,高区,环翠区",2.41,9000.0,4
437.0,女,汉,49.0,2.0,IN,8.4,"经区,高区,环翠区",3.66,8400.0,4
438.0,女,汉,49.0,2.0,IN,1.6,"经区,高区,环翠区",1.09,8100.0,4
439.0,女,汉,40.0,2.0,IN,6.7,"经区,环翠区",2.98,8100.0,4
805.0,女,汉,48.0,5.0,IN,4.8,高区,4.25,3000.0,4
834.0,女,汉,49.0,5.0,IN,1.6,高区,2.79,4000.0,4
1303.0,女,汉,47.0,3.0,IN,7.7,"经区,高区,环翠区",4.94,4500.0,4
1305.0,女,汉,46.0,2.0,IN,5.6,"经区,高区,环翠区",3.43,8100.0,4
3.0,女,汉,45.0,3.0,IN,7.3,"经区,高区,环翠区,其他",4.98,12800.0,5
11.0,女,汉,44.0,3.0,IN,2.4,"经区,高区,环翠区",3.83,12800.0,5
166.0,女,汉,50.0,3.0,IN,8.6,"经区,高区,环翠区,其他",1.04,4800.0,5
173.0,女,汉,50.0,0.0,IN,2.8,高区,3.28,3500.0,5
178.0,女,汉,54.0,2.0,IN,10.0,"经区,高区,环翠区,其他",1.29,7840.0,5
211.0,女,汉,49.0,3.0,IN,2.9,"经区,高区,环翠区,其他",1.16,5880.0,5
234.0,女,汉,48.0,4.0,IN,7.4,"经区,高区,环翠区,其他",3.36,4000.0,5
237.0,女,汉,43.0,3.0,IN,6.3,"经区,高区,环翠区,其他",1.79,5880.0,5
238.0,女,汉,52.0,0.0,IN,8.1,"经区,高区,环翠区,其他",4.67,12800.0,5
239.0,女,汉,52.0,3.0,IN,0.4,"经区,高区,环翠区",1.13,6880.0,5
254.0,女,汉,46.0,3.0,IN,5.3,"经区,高区,环翠区,其他",3.92,5400.0,5
257.0,女,汉,49.0,3.0,IN,5.8,"经区,高区,环翠区",3.54,4000.0,5
344.0,女,汉,51.0,0.0,IN,9.0,"经区,高区,环翠区,其他",4.53,4000.0,5
386.0,女,汉,51.0,0.0,IN,4.6,"经区,高区,环翠区",4.53,4800.0,5
27.0,女,汉,53.0,0.0,IN,8.2,"高区,环翠区",1.91,4500.0,6
28.0,女,汉,55.0,0.0,IN,1.7,环翠区,4.45,3800.0,6
30.0,女,汉,55.0,3.0,IN,3.9,"高区,环翠区",3.03,3800.0,6
33.0,女,汉,40.0,3.0,IN,9.1,"高区,环翠区",2.44,5500.0,6
37.0,女,汉,48.0,0.0,IN,7.0,高区,3.52,4500.0,6
66.0,女,汉,55.0,0.0,IN,3.2,"高区,环翠区",4.04,5500.0,6
122.0,女,汉,52.0,0.0,OFF,4.3,环翠区,4.08,4500.0,6
148.0,女,汉,44.0,0.0,IN,9.9,"环翠区,其他",4.36,3800.0,6
150.0,女,汉,52.0,0.0,IN,1.4,"经区,环翠区,其他",1.86,4500.0,6
167.0,女,汉,51.0,0.0,IN,4.8,"经区,高区",3.23,6000.0,6
190.0,女,汉,53.0,2.0,IN,9.7,"经区,环翠区",2.61,6000.0,6
191.0,女,汉,46.0,2.0,IN,4.8,"经区,环翠区",2.39,6000.0,6
202.0,女,汉,52.0,2.0,IN,8.4,"经区,高区,环翠区",2.69,3800.0,6
203.0,女,汉,41.0,3.0,IN,5.7,"经区,高区,环翠区",2.27,3800.0,6
206.0,女,汉,45.0,3.0,IN,2.3,"经区,高区,环翠区,其他",4.79,4500.0,6
208.0,女,汉,43.0,0.0,IN,5.2,"经区,高区,环翠区,其他",2.0,5500.0,6
209.0,女,汉,56.0,0.0,IN,5.9,高区,2.02,4500.0,6
210.0,女,汉,50.0,0.0,IN,8.4,高区,1.54,8100.0,6
212.0,女,汉,56.0,0.0,IN,7.3,"经区,环翠区",3.49,5500.0,6
213.0,女,汉,54.0,0.0,IN,8.5,"高区,环翠区",4.7,5500.0,6
214.0,女,汉,53.0,0.0,IN,2.4,"高区,环翠区",3.69,6000.0,6
216.0,女,汉,53.0,0.0,IN,4.9,高区,4.81,6000.0,6
217.0,女,汉,44.0,0.0,IN,2.9,经区,3.54,4500.0,6
218.0,女,汉,46.0,3.0,IN,9.1,"经区,高区,环翠区",1.5,5500.0,6
219.0,女,汉,53.0,0.0,IN,7.0,高区,1.0,5500.0,6
221.0,女,汉,35.0,0.0,IN,7.4,高区,4.42,8100.0,6
222.0,女,汉,50.0,3.0,IN,3.0,"经区,其他",2.3,5500.0,6
223.0,女,汉,51.0,0.0,IN,6.2,经区,1.44,6000.0,6
224.0,女,汉,56.0,0.0,IN,0.2,"高区,环翠区",3.05,4500.0,6
225.0,女,汉,40.0,0.0,IN,6.7,"高区,环翠区",1.16,4500.0,6
226.0,女,汉,55.0,0.0,IN,8.7,环翠区,4.99,5500.0,6
227.0,女,汉,55.0,0.0,IN,9.5,"高区,环翠区",4.17,8100.0,6
228.0,女,汉,51.0,0.0,IN,7.2,"高区,环翠区",2.39,8100.0,6
230.0,女,汉,59.0,0.0,IN,1.6,"高区,环翠区",3.87,6000.0,6
236.0,女,汉,35.0,3.0,IN,9.9,"经区,高区,环翠区,其他",2.09,6000.0,6
299.0,女,汉,48.0,2.0,IN,9.3,"经区,高区,环翠区",4.92,5500.0,6
310.0,女,汉,43.0,2.0,IN,2.1,高区,1.49,6000.0,6
323.0,女,汉,50.0,0.0,IN,8.2,经区,3.42,6000.0,6
332.0,女,汉,46.0,0.0,IN,0.8,高区,4.33,8100.0,6
348.0,女,汉,45.0,0.0,IN,3.0,"经区,环翠区",2.04,8100.0,6
353.0,女,汉,53.0,0.0,IN,2.3,环翠区,4.79,5500.0,6
360.0,女,汉,48.0,0.0,IN,1.6,经区,2.87,3800.0,6
361.0,女,汉,48.0,0.0,IN,5.6,高区,3.42,8100.0,6
370.0,女,汉,64.0,0.0,IN,6.6,其他,1.45,3800.0,6
377.0,女,汉,52.0,3.0,IN,7.7,高区,3.18,3800.0,6
390.0,女,汉,43.0,3.0,IN,6.0,"经区,高区,环翠区",3.04,3800.0,6
407.0,女,汉,48.0,0.0,IN,7.6,高区,2.5,3800.0,6
411.0,女,汉,54.0,3.0,IN,1.3,"经区,高区,环翠区,其他",2.15,6000.0,6
420.0,女,汉,47.0,2.0,IN,1.5,"经区,高区,环翠区",1.2,6700.0,6
4.0,女,汉,48.0,3.0,IN,1.8,"经区,高区,环翠区,其他",3.6,16760.0,12
6.0,女,汉,52.0,3.0,IN,6.6,"经区,环翠区",2.48,8380.0,12
8.0,女,汉,48.0,4.0,IN,6.1,"经区,环翠区",4.8,9300.0,12
9.0,女,汉,45.0,4.0,IN,7.9,"经区,环翠区",4.86,9966.0,12
15.0,女,汉,40.0,3.0,IN,2.7,"经区,高区,环翠区",3.9,13260.0,12
38.0,女,汉,52.0,2.0,IN,6.0,"经区,环翠区",4.92,8880.0,12
39.0,女,汉,49.0,2.0,IN,6.1,"经区,高区,环翠区",4.32,7380.0,12
40.0,女,汉,55.0,2.0,IN,1.9,"经区,环翠区",4.91,7380.0,12
50.0,女,汉,53.0,2.0,IN,0.8,"经区,高区,环翠区",3.33,9380.0,12
79.0,女,汉,46.0,3.0,IN,9.7,"经区,高区,环翠区",2.46,8630.0,12
94.0,女,汉,49.0,3.0,IN,1.8,"经区,高区,环翠区",4.72,12680.0,12
95.0,女,汉,46.0,3.0,IN,8.6,"经区,高区,环翠区,其他",1.13,11380.0,12
96.0,女,汉,43.0,3.0,IN,5.5,"经区,高区,环翠区",3.82,10380.0,12
97.0,女,汉,44.0,3.0,IN,0.3,"经区,高区,环翠区",2.36,9488.0,12
98.0,女,汉,49.0,2.0,IN,1.8,"经区,高区,环翠区",2.07,6680.0,12
99.0,女,汉,44.0,3.0,IN,4.1,"经区,高区,环翠区,其他",1.14,13800.0,12
100.0,女,汉,42.0,2.0,IN,1.5,"经区,环翠区",2.35,7500.0,12
102.0,女,汉,48.0,4.0,IN,7.4,"经区,高区,环翠区",1.23,15880.0,12
105.0,女,汉,46.0,2.0,IN,5.3,"经区,高区,环翠区",4.16,10630.0,12
117.0,女,汉,51.0,2.0,IN,0.6,"经区,高区,环翠区",4.41,12800.0,12
119.0,女,汉,37.0,3.0,IN,4.4,"经区,高区,环翠区",3.7,7880.0,12
121.0,女,汉,48.0,3.0,IN,0.1,"经区,环翠区,其他",4.36,9780.0,12
152.0,女,汉,48.0,2.0,IN,6.9,"经区,高区,环翠区",3.73,11130.0,12
153.0,女,汉,50.0,2.0,IN,3.7,"经区,高区,环翠区",2.9,11570.0,12
154.0,女,汉,47.0,2.0,IN,3.2,"经区,高区,环翠区",1.31,14600.0,12
155.0,女,汉,53.0,2.0,IN,2.6,"经区,高区,环翠区",1.45,10280.0,12
156.0,女,汉,49.0,2.0,IN,7.4,"经区,高区,环翠区",4.36,8500.0,12
159.0,女,汉,32.0,2.0,IN,7.4,"经区,高区,环翠区",1.55,10300.0,12
160.0,女,汉,45.0,2.0,IN,1.4,"经区,高区,环翠区",2.5,11888.0,12
161.0,女,汉,46.0,2.0,IN,3.4,"经区,高区,环翠区",1.23,12600.0,12
162.0,女,汉,46.0,2.0,IN,9.5,"经区,高区,环翠区",2.47,6500.0,12
163.0,女,汉,49.0,2.0,IN,6.8,"经区,高区,环翠区,其他",4.51,6600.0,12
164.0,女,汉,52.0,3.0,IN,9.2,"经区,高区,环翠区",3.21,8680.0,12
165.0,女,汉,54.0,4.0,IN,1.8,"经区,高区,环翠区",3.28,11380.0,12
167.0,女,汉,51.0,0.0,IN,4.8,"经区,高区",3.23,8300.0,12
169.0,女,汉,49.0,2.0,IN,4.1,"经区,环翠区",3.17,13320.0,12
170.0,女,汉,44.0,3.0,IN,8.2,"经区,高区,环翠区,其他",1.21,10488.0,12
171.0,女,汉,52.0,2.0,IN,4.6,"经区,高区,环翠区",4.9,8380.0,12
173.0,女,汉,50.0,0.0,IN,2.8,高区,3.28,9000.0,12
176.0,女,汉,44.0,2.0,IN,6.4,"经区,高区,环翠区",2.48,9380.0,12
181.0,女,汉,52.0,3.0,IN,1.6,"经区,环翠区",3.18,9480.0,12
191.0,女,汉,46.0,2.0,IN,4.8,"经区,环翠区",2.39,11380.0,12
205.0,女,汉,52.0,3.0,IN,5.1,"经区,高区,环翠区,其他",2.82,8400.0,12
206.0,女,汉,45.0,3.0,IN,2.3,"经区,高区,环翠区,其他",4.79,8500.0,12
208.0,女,汉,43.0,0.0,IN,5.2,"经区,高区,环翠区,其他",2.0,8400.0,12
218.0,女,汉,46.0,3.0,IN,9.1,"经区,高区,环翠区",1.5,11250.0,12
235.0,女,汉,45.0,3.0,IN,2.9,"经区,高区,环翠区",2.46,7800.0,12
236.0,女,汉,35.0,3.0,IN,9.9,"经区,高区,环翠区,其他",2.09,10100.0,12
257.0,女,汉,49.0,3.0,IN,5.8,"经区,高区,环翠区",3.54,9488.0,12
278.0,女,汉,50.0,2.0,IN,4.8,"经区,高区,环翠区",3.04,6100.0,12
279.0,女,汉,49.0,3.0,IN,7.8,"经区,高区,环翠区",1.35,10000.0,12
280.0,女,汉,34.0,2.0,IN,4.8,"经区,高区,环翠区",1.15,7800.0,12
281.0,女,汉,45.0,3.0,IN,3.8,"经区,高区,环翠区",2.66,13050.0,12
282.0,女,汉,44.0,3.0,IN,2.1,"经区,高区,环翠区",2.16,12630.0,12
283.0,女,汉,42.0,4.0,IN,9.4,"经区,高区,环翠区",3.2,10600.0,12
284.0,女,汉,40.0,2.0,IN,4.1,"经区,高区,环翠区",3.82,9880.0,12
285.0,女,汉,53.0,3.0,OFF,7.3,"经区,高区,环翠区",3.1,8400.0,12
286.0,女,汉,45.0,2.0,IN,8.1,"经区,高区,环翠区",4.89,10050.0,12
287.0,女,汉,54.0,2.0,IN,4.2,"经区,高区,环翠区",2.6,9600.0,12
288.0,女,汉,51.0,4.0,IN,5.8,"经区,高区,环翠区",4.18,9900.0,12
289.0,女,汉,44.0,4.0,IN,1.9,"经区,高区,环翠区",3.24,7500.0,12
290.0,女,汉,49.0,3.0,IN,5.2,"经区,高区",1.04,9280.0,12
291.0,女,汉,36.0,4.0,IN,4.5,"经区,高区,环翠区",1.7,10800.0,12
292.0,女,汉,52.0,3.0,IN,5.9,"经区,高区,环翠区",1.27,7400.0,12
293.0,女,汉,54.0,2.0,IN,9.6,"经区,高区,环翠区",4.43,9900.0,12
294.0,女,汉,55.0,0.0,IN,9.2,"经区,高区,环翠区",2.85,10680.0,12
295.0,女,汉,41.0,2.0,IN,0.5,"经区,高区,环翠区",4.24,12800.0,12
296.0,女,汉,50.0,2.0,IN,3.8,"经区,高区,环翠区",1.49,13200.0,12
297.0,女,汉,47.0,3.0,IN,3.9,"经区,高区,环翠区",3.66,12380.0,12
298.0,女,汉,51.0,2.0,IN,4.2,"经区,高区,环翠区",2.59,7400.0,12
299.0,女,汉,48.0,2.0,IN,9.3,"经区,高区,环翠区",4.92,6080.0,12
305.0,女,汉,44.0,0.0,IN,4.0,"高区,环翠区",4.29,7730.0,12
313.0,女,汉,54.0,2.0,IN,3.0,高区,4.26,7550.0,12
328.0,女,汉,50.0,2.0,IN,2.8,其他,2.13,8630.0,12
331.0,女,汉,51.0,2.0,IN,1.5,其他,2.75,8130.0,12
333.0,女,汉,50.0,2.0,IN,1.1,其他,2.85,8630.0,12
339.0,女,汉,49.0,2.0,IN,5.6,其他,2.23,8630.0,12
349.0,女,汉,48.0,0.0,IN,2.7,其他,4.9,8630.0,12
350.0,男,汉,24.0,3.0,IN,7.9,"高区,环翠区",3.89,5900.0,12
373.0,女,汉,49.0,2.0,IN,1.3,经区,3.01,12550.0,12
384.0,女,汉,48.0,3.0,IN,2.6,"经区,高区,环翠区,其他",4.9,13800.0,12
387.0,女,汉,48.0,2.0,IN,3.8,"经区,高区,环翠区,其他",1.13,9180.0,12
388.0,女,汉,42.0,3.0,IN,5.8,"经区,环翠区",2.63,8000.0,12
390.0,女,汉,43.0,3.0,IN,6.0,"经区,高区,环翠区",3.04,10300.0,12
392.0,女,汉,52.0,0.0,IN,5.0,"经区,高区,环翠区",1.08,10000.0,12
397.0,女,汉,47.0,3.0,IN,9.5,"经区,高区,环翠区",3.87,10500.0,12
398.0,女,汉,48.0,2.0,IN,7.2,"经区,高区,环翠区",4.19,10880.0,12
400.0,女,汉,49.0,2.0,IN,4.0,"经区,高区,环翠区",4.32,9130.0,12
401.0,女,汉,48.0,3.0,IN,4.6,"经区,高区,环翠区",2.55,6500.0,12
402.0,女,汉,48.0,2.0,IN,3.9,"经区,高区",2.04,10380.0,12
403.0,女,汉,36.0,2.0,IN,2.4,"经区,高区,环翠区",1.74,13873.0,12
404.0,女,汉,54.0,0.0,IN,8.8,"经区,高区,环翠区",4.4,10000.0,12
405.0,女,汉,34.0,3.0,IN,4.9,"经区,高区,环翠区",4.09,13113.0,12
410.0,女,汉,40.0,3.0,IN,4.0,"经区,高区",3.75,9188.0,12
415.0,女,汉,55.0,0.0,IN,8.3,"经区,高区,环翠区,其他",3.89,8000.0,12
416.0,女,汉,38.0,3.0,IN,0.2,"经区,高区,环翠区",4.23,8380.0,12
420.0,女,汉,47.0,2.0,IN,1.5,"经区,高区,环翠区",1.2,11700.0,12
424.0,女,汉,48.0,2.0,IN,8.2,"经区,环翠区",1.51,7950.0,12
427.0,女,汉,39.0,3.0,IN,5.5,"经区,环翠区",4.25,10000.0,12
428.0,女,汉,48.0,2.0,IN,4.6,"经区,高区,环翠区",3.13,9000.0,12
429.0,女,汉,46.0,2.0,IN,0.5,"经区,环翠区",2.17,8380.0,12
430.0,女,汉,53.0,0.0,IN,9.6,"经区,高区,环翠区",1.96,12870.0,12
431.0,女,汉,52.0,2.0,IN,7.8,"高区,环翠区",1.52,8780.0,12
432.0,女,汉,50.0,2.0,IN,1.6,"高区,环翠区",3.7,9600.0,12
433.0,女,汉,45.0,0.0,IN,7.9,"高区,环翠区",2.33,8800.0,12
434.0,女,汉,50.0,2.0,IN,3.0,"高区,环翠区",1.6,8380.0,12
1307.0,女,汉,52.0,2.0,IN,1.8,"经区,高区,环翠区",3.13,10130.0,12
4.0,女,汉,48.0,3.0,IN,1.8,"经区,高区,环翠区,其他",3.6,14760.0,13
6.0,女,汉,52.0,3.0,IN,6.6,"经区,环翠区",2.48,8380.0,13
9.0,女,汉,45.0,4.0,IN,7.9,"经区,环翠区",4.86,10966.0,13
15.0,女,汉,40.0,3.0,IN,2.7,"经区,高区,环翠区",3.9,12260.0,13
94.0,女,汉,49.0,3.0,IN,1.8,"经区,高区,环翠区",4.72,9300.0,13
95.0,女,汉,46.0,3.0,IN,8.6,"经区,高区,环翠区,其他",1.13,9380.0,13
96.0,女,汉,43.0,3.0,IN,5.5,"经区,高区,环翠区",3.82,10300.0,13
97.0,女,汉,44.0,3.0,IN,0.3,"经区,高区,环翠区",2.36,8600.0,13
98.0,女,汉,49.0,2.0,IN,1.8,"经区,高区,环翠区",2.07,8800.0,13
99.0,女,汉,44.0,3.0,IN,4.1,"经区,高区,环翠区,其他",1.14,11800.0,13
100.0,女,汉,42.0,2.0,IN,1.5,"经区,环翠区",2.35,7000.0,13
102.0,女,汉,48.0,4.0,IN,7.4,"经区,高区,环翠区",1.23,9600.0,13
105.0,女,汉,46.0,2.0,IN,5.3,"经区,高区,环翠区",4.16,10630.0,13
109.0,女,汉,45.0,2.0,IN,1.4,"高区,环翠区",2.87,8250.0,13
121.0,女,汉,48.0,3.0,IN,0.1,"经区,环翠区,其他",4.36,10780.0,13
153.0,女,汉,50.0,2.0,IN,3.7,"经区,高区,环翠区",2.9,11190.0,13
161.0,女,汉,46.0,2.0,IN,3.4,"经区,高区,环翠区",1.23,7800.0,13
163.0,女,汉,49.0,2.0,IN,6.8,"经区,高区,环翠区,其他",4.51,8000.0,13
169.0,女,汉,49.0,2.0,IN,4.1,"经区,环翠区",3.17,12440.0,13
170.0,女,汉,44.0,3.0,IN,8.2,"经区,高区,环翠区,其他",1.21,11480.0,13
176.0,女,汉,44.0,2.0,IN,6.4,"经区,高区,环翠区",2.48,7500.0,13
181.0,女,汉,52.0,3.0,IN,1.6,"经区,环翠区",3.18,11100.0,13
196.0,女,汉,48.0,1.0,IN,1.7,"高区,环翠区",1.63,8750.0,13
197.0,女,汉,47.0,1.0,IN,2.3,"高区,环翠区",3.94,7830.0,13
208.0,女,汉,43.0,0.0,IN,5.2,"经区,高区,环翠区,其他",2.0,8600.0,13
220.0,女,汉,56.0,0.0,IN,5.5,"高区,环翠区",4.0,9580.0,13
235.0,女,汉,45.0,3.0,IN,2.9,"经区,高区,环翠区",2.46,9100.0,13
236.0,女,汉,35.0,3.0,IN,9.9,"经区,高区,环翠区,其他",2.09,9800.0,13
257.0,女,汉,49.0,3.0,IN,5.8,"经区,高区,环翠区",3.54,10600.0,13
290.0,女,汉,49.0,3.0,IN,5.2,"经区,高区",1.04,9000.0,13
385.0,女,汉,49.0,2.0,IN,0.2,"经区,高区,环翠区,其他",5.0,11500.0,13
388.0,女,汉,42.0,3.0,IN,5.8,"经区,环翠区",2.63,9300.0,13
398.0,女,汉,48.0,2.0,IN,7.2,"经区,高区,环翠区",4.19,11326.0,13
400.0,女,汉,49.0,2.0,IN,4.0,"经区,高区,环翠区",4.32,10250.0,13
401.0,女,汉,48.0,3.0,IN,4.6,"经区,高区,环翠区",2.55,9000.0,13
403.0,女,汉,36.0,2.0,IN,2.4,"经区,高区,环翠区",1.74,12993.0,13
404.0,女,汉,54.0,0.0,IN,8.8,"经区,高区,环翠区",4.4,12000.0,13
405.0,女,汉,34.0,3.0,IN,4.9,"经区,高区,环翠区",4.09,13113.0,13
410.0,女,汉,40.0,3.0,IN,4.0,"经区,高区",3.75,8300.0,13
416.0,女,汉,38.0,3.0,IN,0.2,"经区,高区,环翠区",4.23,8080.0,13
424.0,女,汉,48.0,2.0,IN,8.2,"经区,环翠区",1.51,8300.0,13
427.0,女,汉,39.0,3.0,IN,5.5,"经区,环翠区",4.25,10000.0,13
433.0,女,汉,45.0,0.0,IN,7.9,"高区,环翠区",2.33,8800.0,13
1307.0,女,汉,52.0,2.0,IN,1.8,"经区,高区,环翠区",3.13,7850.0,13
8.0,女,汉,48.0,4.0,IN,6.1,"经区,环翠区",4.8,11600.0,14
9.0,女,汉,45.0,4.0,IN,7.9,"经区,环翠区",4.86,9586.0,14
15.0,女,汉,40.0,3.0,IN,2.7,"经区,高区,环翠区",3.9,12760.0,14
25.0,女,汉,55.0,0.0,IN,5.4,"高区,环翠区",4.38,10200.0,14
34.0,女,汉,53.0,2.0,IN,4.2,"经区,高区,环翠区",3.94,13500.0,14
35.0,男,汉,58.0,2.0,IN,7.9,"经区,高区,环翠区",2.0,13500.0,14
48.0,女,汉,53.0,3.0,IN,8.1,"高区,环翠区",4.35,13000.0,14
67.0,女,汉,40.0,3.0,IN,7.6,"经区,高区,环翠区",1.16,13500.0,14
71.0,女,汉,54.0,2.0,IN,8.3,"经区,环翠区",3.29,7500.0,14
99.0,女,汉,44.0,3.0,IN,4.1,"经区,高区,环翠区,其他",1.14,9920.0,14
129.0,女,汉,54.0,0.0,IN,6.2,经区,2.49,10100.0,14
131.0,女,汉,54.0,0.0,IN,3.1,经区,4.08,9250.0,14
138.0,女,汉,48.0,0.0,IN,4.8,经区,1.72,11200.0,14
145.0,女,汉,55.0,0.0,IN,2.4,环翠区,2.17,12500.0,14
149.0,女,汉,57.0,0.0,IN,9.7,"经区,环翠区",3.31,7200.0,14
167.0,女,汉,51.0,0.0,IN,4.8,"经区,高区",3.23,12600.0,14
173.0,女,汉,50.0,0.0,IN,2.8,高区,3.28,9500.0,14
201.0,女,汉,55.0,2.0,IN,3.2,"经区,高区,环翠区",4.65,13500.0,14
215.0,女,汉,56.0,0.0,IN,8.7,高区,3.25,13000.0,14
235.0,女,汉,45.0,3.0,IN,2.9,"经区,高区,环翠区",2.46,8300.0,14
298.0,女,汉,51.0,2.0,IN,4.2,"经区,高区,环翠区",2.59,12000.0,14
302.0,男,汉,60.0,0.0,IN,1.7,"经区,高区",4.01,12350.0,14
304.0,女,汉,55.0,0.0,IN,6.0,"经区,高区,环翠区",3.02,9250.0,14
324.0,女,汉,52.0,2.0,IN,0.7,高区,2.09,13000.0,14
326.0,女,汉,55.0,2.0,IN,2.8,高区,3.49,13000.0,14
328.0,女,汉,50.0,2.0,IN,2.8,其他,2.13,13500.0,14
339.0,女,汉,49.0,2.0,IN,5.6,其他,2.23,13500.0,14
349.0,女,汉,48.0,0.0,IN,2.7,其他,4.9,13500.0,14
350.0,男,汉,24.0,3.0,IN,7.9,"高区,环翠区",3.89,11400.0,14
390.0,女,汉,43.0,3.0,IN,6.0,"经区,高区,环翠区",3.04,7500.0,14
392.0,女,汉,52.0,0.0,IN,5.0,"经区,高区,环翠区",1.08,10000.0,14
398.0,女,汉,48.0,2.0,IN,7.2,"经区,高区,环翠区",4.19,13100.0,14
399.0,女,汉,50.0,2.0,IN,6.6,"经区,高区,环翠区",4.2,9800.0,14
401.0,女,汉,48.0,3.0,IN,4.6,"经区,高区,环翠区",2.55,11000.0,14
402.0,女,汉,48.0,2.0,IN,3.9,"经区,高区",2.04,10700.0,14
403.0,女,汉,36.0,2.0,IN,2.4,"经区,高区,环翠区",1.74,15093.0,14
404.0,女,汉,54.0,0.0,IN,8.8,"经区,高区,环翠区",4.4,15000.0,14
419.0,女,汉,53.0,0.0,IN,3.4,"经区,高区,环翠区",4.04,9000.0,14
420.0,女,汉,47.0,2.0,IN,1.5,"经区,高区,环翠区",1.2,13400.0,14
428.0,女,汉,48.0,2.0,IN,4.6,"经区,高区,环翠区",3.13,11600.0,14
430.0,女,汉,53.0,0.0,IN,9.6,"经区,高区,环翠区",1.96,15090.0,14
432.0,女,汉,50.0,2.0,IN,1.6,"高区,环翠区",3.7,8400.0,14
434.0,女,汉,50.0,2.0,IN,3.0,"高区,环翠区",1.6,7690.0,14
436.0,男,汉,48.0,2.0,IN,2.6,"经区,高区,环翠区",2.41,14500.0,14
437.0,女,汉,49.0,2.0,IN,8.4,"经区,高区,环翠区",3.66,11900.0,14
438.0,女,汉,49.0,2.0,IN,1.6,"经区,高区,环翠区",1.09,12900.0,14
439.0,女,汉,40.0,2.0,IN,6.7,"经区,环翠区",2.98,11600.0,14
27.0,女,汉,53.0,0.0,IN,8.2,"高区,环翠区",1.91,7100.0,16
28.0,女,汉,55.0,0.0,IN,1.7,环翠区,4.45,6200.0,16
30.0,女,汉,55.0,3.0,IN,3.9,"高区,环翠区",3.03,7050.0,16
37.0,女,汉,48.0,0.0,IN,7.0,高区,3.52,7000.0,16
66.0,女,汉,55.0,0.0,IN,3.2,"高区,环翠区",4.04,7600.0,16
122.0,女,汉,52.0,0.0,OFF,4.3,环翠区,4.08,8750.0,16
148.0,女,汉,44.0,0.0,IN,9.9,"环翠区,其他",4.36,7400.0,16
167.0,女,汉,51.0,0.0,IN,4.8,"经区,高区",3.23,10500.0,16
190.0,女,汉,53.0,2.0,IN,9.7,"经区,环翠区",2.61,9500.0,16
191.0,女,汉,46.0,2.0,IN,4.8,"经区,环翠区",2.39,9500.0,16
206.0,女,汉,45.0,3.0,IN,2.3,"经区,高区,环翠区,其他",4.79,8500.0,16
208.0,女,汉,43.0,0.0,IN,5.2,"经区,高区,环翠区,其他",2.0,8100.0,16
209.0,女,汉,56.0,0.0,IN,5.9,高区,2.02,6600.0,16
210.0,女,汉,50.0,0.0,IN,8.4,高区,1.54,11850.0,16
212.0,女,汉,56.0,0.0,IN,7.3,"经区,环翠区",3.49,8750.0,16
213.0,女,汉,54.0,0.0,IN,8.5,"高区,环翠区",4.7,7600.0,16
214.0,女,汉,53.0,0.0,IN,2.4,"高区,环翠区",3.69,8100.0,16
216.0,女,汉,53.0,0.0,IN,4.9,高区,4.81,8100.0,16
217.0,女,汉,44.0,0.0,IN,2.9,经区,3.54,7750.0,16
218.0,女,汉,46.0,3.0,IN,9.1,"经区,高区,环翠区",1.5,9750.0,16
219.0,女,汉,53.0,0.0,IN,7.0,高区,1.0,8750.0,16
221.0,女,汉,35.0,0.0,IN,7.4,高区,4.42,11350.0,16
222.0,女,汉,50.0,3.0,IN,3.0,"经区,其他",2.3,9000.0,16
223.0,女,汉,51.0,0.0,IN,6.2,经区,1.44,8100.0,16
224.0,女,汉,56.0,0.0,IN,0.2,"高区,环翠区",3.05,7750.0,16
225.0,女,汉,40.0,0.0,IN,6.7,"高区,环翠区",1.16,7750.0,16
226.0,女,汉,55.0,0.0,IN,8.7,环翠区,4.99,8500.0,16
227.0,女,汉,55.0,0.0,IN,9.5,"高区,环翠区",4.17,10200.0,16
228.0,女,汉,51.0,0.0,IN,7.2,"高区,环翠区",2.39,11100.0,16
230.0,女,汉,59.0,0.0,IN,1.6,"高区,环翠区",3.87,9250.0,16
236.0,女,汉,35.0,3.0,IN,9.9,"经区,高区,环翠区,其他",2.09,9300.0,16
299.0,女,汉,48.0,2.0,IN,9.3,"经区,高区,环翠区",4.92,7600.0,16
310.0,女,汉,43.0,2.0,IN,2.1,高区,1.49,8500.0,16
332.0,女,汉,46.0,0.0,IN,0.8,高区,4.33,10600.0,16
353.0,女,汉,53.0,0.0,IN,2.3,环翠区,4.79,7500.0,16
360.0,女,汉,48.0,0.0,IN,1.6,经区,2.87,5800.0,16
361.0,女,汉,48.0,0.0,IN,5.6,高区,3.42,11100.0,16
370.0,女,汉,64.0,0.0,IN,6.6,其他,1.45,7300.0,16
377.0,女,汉,52.0,3.0,IN,7.7,高区,3.18,7000.0,16
390.0,女,汉,43.0,3.0,IN,6.0,"经区,高区,环翠区",3.04,8300.0,16
407.0,女,汉,48.0,0.0,IN,7.6,高区,2.5,6800.0,16
411.0,女,汉,54.0,3.0,IN,1.3,"经区,高区,环翠区,其他",2.15,8800.0,16
420.0,女,汉,47.0,2.0,IN,1.5,"经区,高区,环翠区",1.2,11700.0,16
3.0,女,汉,45.0,3.0,IN,7.3,"经区,高区,环翠区,其他",4.98,12800.0,23
4.0,女,汉,48.0,3.0,IN,1.8,"经区,高区,环翠区,其他",3.6,15760.0,23
6.0,女,汉,52.0,3.0,IN,6.6,"经区,环翠区",2.48,9760.0,23
9.0,女,汉,45.0,4.0,IN,7.9,"经区,环翠区",4.86,10760.0,23
15.0,女,汉,40.0,3.0,IN,2.7,"经区,高区,环翠区",3.9,12760.0,23
26.0,女,汉,35.0,2.0,IN,7.5,"经区,环翠区",2.9,11760.0,23
41.0,女,汉,30.0,5.0,IN,9.9,"经区,高区,环翠区",3.0,10760.0,23
94.0,女,汉,49.0,3.0,IN,1.8,"经区,高区,环翠区",4.72,14380.0,23
95.0,女,汉,46.0,3.0,IN,8.6,"经区,高区,环翠区,其他",1.13,13760.0,23
96.0,女,汉,43.0,3.0,IN,5.5,"经区,高区,环翠区",3.82,13680.0,23
97.0,女,汉,44.0,3.0,IN,0.3,"经区,高区,环翠区",2.36,12888.0,23
98.0,女,汉,49.0,2.0,IN,1.8,"经区,高区,环翠区",2.07,9880.0,23
99.0,女,汉,44.0,3.0,IN,4.1,"经区,高区,环翠区,其他",1.14,13760.0,23
100.0,女,汉,42.0,2.0,IN,1.5,"经区,环翠区",2.35,10500.0,23
102.0,女,汉,48.0,4.0,IN,7.4,"经区,高区,环翠区",1.23,13480.0,23
105.0,女,汉,46.0,2.0,IN,5.3,"经区,高区,环翠区",4.16,13760.0,23
121.0,女,汉,48.0,3.0,IN,0.1,"经区,环翠区,其他",4.36,12760.0,23
123.0,女,汉,55.0,3.0,IN,6.1,"经区,高区,环翠区,其他",1.92,12800.0,23
141.0,女,汉,34.0,2.0,IN,0.1,"经区,高区,环翠区",2.02,11380.0,23
153.0,女,汉,50.0,2.0,IN,3.7,"经区,高区,环翠区",2.9,11380.0,23
157.0,女,汉,44.0,2.0,IN,6.8,"经区,高区,环翠区",2.89,9680.0,23
158.0,女,汉,37.0,3.0,IN,5.7,"经区,高区,环翠区",4.48,16760.0,23
161.0,女,汉,46.0,2.0,IN,3.4,"经区,高区,环翠区",1.23,14800.0,23
163.0,女,汉,49.0,2.0,IN,6.8,"经区,高区,环翠区,其他",4.51,10600.0,23
168.0,女,汉,34.0,2.0,IN,8.2,"经区,高区,环翠区",1.03,17180.0,23
169.0,女,汉,49.0,2.0,IN,4.1,"经区,环翠区",3.17,12880.0,23
170.0,女,汉,44.0,3.0,IN,8.2,"经区,高区,环翠区,其他",1.21,12768.0,23
172.0,女,汉,38.0,2.0,IN,9.1,"经区,环翠区",2.19,11380.0,23
174.0,女,汉,42.0,4.0,IN,6.3,"经区,高区,环翠区,其他",2.84,12800.0,23
175.0,女,汉,45.0,3.0,IN,0.7,"经区,高区,环翠区",1.93,13880.0,23
176.0,女,汉,44.0,2.0,IN,6.4,"经区,高区,环翠区",2.48,11880.0,23
177.0,女,汉,44.0,3.0,IN,4.4,"经区,环翠区,其他",2.85,12680.0,23
180.0,女,汉,39.0,3.0,IN,7.3,"经区,环翠区,其他",4.64,13480.0,23
181.0,女,汉,52.0,3.0,IN,1.6,"经区,环翠区",3.18,11380.0,23
182.0,女,汉,31.0,3.0,OFF,4.7,"经区,环翠区",2.32,13380.0,23
192.0,女,汉,49.0,2.0,IN,3.5,"经区,高区,环翠区,其他",2.93,13680.0,23
208.0,女,汉,43.0,0.0,IN,5.2,"经区,高区,环翠区,其他",2.0,11800.0,23
211.0,女,汉,49.0,3.0,IN,2.9,"经区,高区,环翠区,其他",1.16,17100.0,23
234.0,女,汉,48.0,4.0,IN,7.4,"经区,高区,环翠区,其他",3.36,14800.0,23
235.0,女,汉,45.0,3.0,IN,2.9,"经区,高区,环翠区",2.46,10300.0,23
236.0,女,汉,35.0,3.0,IN,9.9,"经区,高区,环翠区,其他",2.09,13300.0,23
237.0,女,汉,43.0,3.0,IN,6.3,"经区,高区,环翠区,其他",1.79,11480.0,23
238.0,女,汉,52.0,0.0,IN,8.1,"经区,高区,环翠区,其他",4.67,12800.0,23
239.0,女,汉,52.0,3.0,IN,0.4,"经区,高区,环翠区",1.13,10380.0,23
257.0,女,汉,49.0,3.0,IN,5.8,"经区,高区,环翠区",3.54,12888.0,23
258.0,女,汉,41.0,3.0,IN,1.0,"经区,高区,环翠区",2.48,8500.0,23
274.0,女,汉,39.0,0.0,IN,3.6,"经区,高区,环翠区",1.12,10680.0,23
290.0,女,汉,49.0,3.0,IN,5.2,"经区,高区",1.04,11480.0,23
300.0,女,汉,50.0,3.0,IN,2.1,"经区,高区,环翠区",3.19,10300.0,23
335.0,女,汉,30.0,2.0,IN,4.6,其他,1.89,10000.0,23
379.0,女,汉,50.0,2.0,IN,1.0,"经区,高区,环翠区,其他",3.62,10880.0,23
380.0,女,汉,50.0,2.0,IN,10.0,"经区,高区,环翠区,其他",2.33,14100.0,23
388.0,女,汉,42.0,3.0,IN,5.8,"经区,环翠区",2.63,10300.0,23
391.0,女,汉,49.0,0.0,IN,1.2,"经区,高区,环翠区,其他",1.71,11400.0,23
398.0,女,汉,48.0,2.0,IN,7.2,"经区,高区,环翠区",4.19,12206.0,23
400.0,女,汉,49.0,2.0,IN,4.0,"经区,高区,环翠区",4.32,12880.0,23
401.0,女,汉,48.0,3.0,IN,4.6,"经区,高区,环翠区",2.55,11500.0,23
403.0,女,汉,36.0,2.0,IN,2.4,"经区,高区,环翠区",1.74,12880.0,23
404.0,女,汉,54.0,0.0,IN,8.8,"经区,高区,环翠区",4.4,10000.0,23
405.0,女,汉,34.0,3.0,IN,4.9,"经区,高区,环翠区",4.09,13760.0,23
410.0,女,汉,40.0,3.0,IN,4.0,"经区,高区",3.75,10888.0,23
416.0,女,汉,38.0,3.0,IN,0.2,"经区,高区,环翠区",4.23,9460.0,23
424.0,女,汉,48.0,2.0,IN,8.2,"经区,环翠区",1.51,8650.0,23
427.0,女,汉,39.0,3.0,IN,5.5,"经区,环翠区",4.25,10000.0,23
433.0,女,汉,45.0,0.0,IN,7.9,"高区,环翠区",2.33,10000.0,23
435.0,女,汉,36.0,2.0,IN,8.9,"高区,环翠区",3.1,9000.0,23
906.0,女,汉,36.0,5.0,IN,4.5,环翠区,1.23,11760.0,23
926.0,女,汉,60.0,5.0,IN,3.4,环翠区,3.59,13760.0,23
927.0,女,汉,47.0,5.0,IN,7.0,环翠区,2.35,13760.0,23
928.0,女,汉,72.0,5.0,IN,5.3,环翠区,3.87,13760.0,23
930.0,女,汉,33.0,5.0,IN,8.8,环翠区,1.51,13760.0,23
932.0,女,汉,41.0,5.0,IN,2.0,环翠区,1.03,13760.0,23
935.0,女,汉,50.0,5.0,IN,3.6,环翠区,2.75,13760.0,23
936.0,女,汉,68.0,5.0,IN,7.3,环翠区,3.41,15760.0,23
938.0,女,汉,64.0,5.0,IN,8.6,环翠区,2.56,13760.0,23
939.0,女,汉,42.0,5.0,IN,5.6,环翠区,1.42,13760.0,23
942.0,女,汉,63.0,5.0,IN,9.8,环翠区,4.23,13760.0,23
949.0,女,汉,38.0,5.0,IN,4.9,环翠区,2.94,13760.0,23
951.0,女,汉,55.0,5.0,IN,5.2,环翠区,4.85,9760.0,23
956.0,女,汉,60.0,5.0,IN,4.3,环翠区,2.59,13760.0,23
957.0,女,汉,46.0,5.0,IN,5.8,环翠区,4.87,11760.0,23
958.0,女,汉,50.0,5.0,IN,1.6,环翠区,2.26,11760.0,23
959.0,女,汉,61.0,5.0,IN,7.1,环翠区,4.45,13760.0,23
960.0,女,汉,66.0,5.0,IN,3.7,环翠区,4.98,13760.0,23
962.0,女,汉,29.0,5.0,IN,8.7,环翠区,3.95,13760.0,23
963.0,女,汉,26.0,5.0,IN,4.6,环翠区,1.51,13760.0,23
964.0,女,汉,26.0,5.0,IN,5.4,环翠区,1.47,11760.0,23
965.0,女,汉,33.0,5.0,IN,0.1,环翠区,4.22,11760.0,23
968.0,女,汉,51.0,5.0,IN,2.0,环翠区,4.62,11760.0,23
981.0,女,汉,63.0,5.0,IN,1.0,环翠区,2.62,11760.0,23
982.0,女,汉,37.0,5.0,IN,0.9,环翠区,1.97,15760.0,23
983.0,女,汉,43.0,5.0,IN,4.9,环翠区,4.26,15760.0,23
984.0,女,汉,67.0,5.0,IN,3.9,环翠区,1.18,19760.0,23
985.0,女,汉,50.0,5.0,IN,4.9,环翠区,1.82,13760.0,23
986.0,女,汉,66.0,5.0,IN,3.5,环翠区,4.67,13760.0,23
987.0,女,汉,39.0,5.0,IN,2.5,环翠区,2.61,13760.0,23
988.0,女,汉,23.0,5.0,IN,3.1,环翠区,2.91,13760.0,23
989.0,女,汉,23.0,5.0,IN,5.9,环翠区,2.53,13760.0,23
990.0,女,汉,33.0,5.0,IN,6.5,环翠区,1.74,13760.0,23
991.0,女,汉,52.0,5.0,IN,1.4,环翠区,2.33,13760.0,23
992.0,女,汉,58.0,5.0,IN,4.5,环翠区,3.17,13760.0,23
993.0,女,汉,71.0,5.0,IN,4.2,环翠区,4.15,13760.0,23
994.0,女,汉,43.0,5.0,IN,4.0,环翠区,2.92,15760.0,23
1303.0,女,汉,47.0,3.0,IN,7.7,"经区,高区,环翠区",4.94,13880.0,23
1304.0,女,汉,39.0,3.0,IN,0.0,"经区,高区,环翠区",3.36,14760.0,23
1305.0,女,汉,46.0,2.0,IN,5.6,"经区,高区,环翠区",3.43,14180.0,23
1306.0,女,汉,44.0,3.0,IN,1.5,"经区,高区,环翠区",1.44,14760.0,23
1307.0,女,汉,52.0,2.0,IN,1.8,"经区,高区,环翠区",3.13,11480.0,23
5.0,女,汉,40.0,3.0,IN,1.3,"经区,高区,环翠区,其他",2.73,13380.0,24
8.0,女,汉,48.0,4.0,IN,6.1,"经区,环翠区",4.8,13900.0,24
9.0,女,汉,45.0,4.0,IN,7.9,"经区,环翠区",4.86,9380.0,24
10.0,女,汉,45.0,3.0,IN,5.7,"经区,高区,环翠区,其他",2.82,16880.0,24
11.0,女,汉,44.0,3.0,IN,2.4,"经区,高区,环翠区",3.83,12800.0,24
12.0,女,汉,46.0,3.0,IN,5.8,"经区,高区,环翠区",2.9,12880.0,24
13.0,女,汉,48.0,3.0,IN,1.2,"经区,高区,环翠区",2.66,13880.0,24
14.0,女,汉,49.0,3.0,IN,5.9,"经区,高区,环翠区",2.4,15080.0,24
15.0,女,汉,40.0,3.0,IN,2.7,"经区,高区,环翠区",3.9,13260.0,24
55.0,女,汉,49.0,2.0,IN,3.7,"经区,高区,环翠区",1.98,11380.0,24
99.0,女,汉,44.0,3.0,IN,4.1,"经区,高区,环翠区,其他",1.14,11880.0,24
167.0,女,汉,51.0,0.0,IN,4.8,"经区,高区",3.23,11900.0,24
173.0,女,汉,50.0,0.0,IN,2.8,高区,3.28,9500.0,24
235.0,女,汉,45.0,3.0,IN,2.9,"经区,高区,环翠区",2.46,9500.0,24
258.0,女,汉,41.0,3.0,IN,1.0,"经区,高区,环翠区",2.48,8000.0,24
298.0,女,汉,51.0,2.0,IN,4.2,"经区,高区,环翠区",2.59,11600.0,24
328.0,女,汉,50.0,2.0,IN,2.8,其他,2.13,14630.0,24
339.0,女,汉,49.0,2.0,IN,5.6,其他,2.23,14630.0,24
349.0,女,汉,48.0,0.0,IN,2.7,其他,4.9,14630.0,24
350.0,男,汉,24.0,3.0,IN,7.9,"高区,环翠区",3.89,12500.0,24
390.0,女,汉,43.0,3.0,IN,6.0,"经区,高区,环翠区",3.04,8800.0,24
391.0,女,汉,49.0,0.0,IN,1.2,"经区,高区,环翠区,其他",1.71,11400.0,24
392.0,女,汉,52.0,0.0,IN,5.0,"经区,高区,环翠区",1.08,10000.0,24
398.0,女,汉,48.0,2.0,IN,7.2,"经区,高区,环翠区",4.19,13980.0,24
401.0,女,汉,48.0,3.0,IN,4.6,"经区,高区,环翠区",2.55,13500.0,24
402.0,女,汉,48.0,2.0,IN,3.9,"经区,高区",2.04,14080.0,24
403.0,女,汉,36.0,2.0,IN,2.4,"经区,高区,环翠区",1.74,14980.0,24
404.0,女,汉,54.0,0.0,IN,8.8,"经区,高区,环翠区",4.4,13000.0,24
420.0,女,汉,47.0,2.0,IN,1.5,"经区,高区,环翠区",1.2,15100.0,24
428.0,女,汉,48.0,2.0,IN,4.6,"经区,高区,环翠区",3.13,13600.0,24
430.0,女,汉,53.0,0.0,IN,9.6,"经区,高区,环翠区",1.96,13980.0,24
432.0,女,汉,50.0,2.0,IN,1.6,"高区,环翠区",3.7,10800.0,24
434.0,女,汉,50.0,2.0,IN,3.0,"高区,环翠区",1.6,9070.0,24
1303.0,女,汉,47.0,3.0,IN,7.7,"经区,高区,环翠区",4.94,12380.0,24
1305.0,女,汉,46.0,2.0,IN,5.6,"经区,高区,环翠区",3.43,14980.0,24
3.0,女,汉,45.0,3.0,IN,7.3,"经区,高区,环翠区,其他",4.98,12800.0,25
11.0,女,汉,44.0,3.0,IN,2.4,"经区,高区,环翠区",3.83,12800.0,25
166.0,女,汉,50.0,3.0,IN,8.6,"经区,高区,环翠区,其他",1.04,11688.0,25
173.0,女,汉,50.0,0.0,IN,2.8,高区,3.28,8000.0,25
178.0,女,汉,54.0,2.0,IN,10.0,"经区,高区,环翠区,其他",1.29,15720.0,25
211.0,女,汉,49.0,3.0,IN,2.9,"经区,高区,环翠区,其他",1.16,15680.0,25
234.0,女,汉,48.0,4.0,IN,7.4,"经区,高区,环翠区,其他",3.36,11800.0,25
237.0,女,汉,43.0,3.0,IN,6.3,"经区,高区,环翠区,其他",1.79,11760.0,25
238.0,女,汉,52.0,0.0,IN,8.1,"经区,高区,环翠区,其他",4.67,12800.0,25
239.0,女,汉,52.0,3.0,IN,0.4,"经区,高区,环翠区",1.13,12680.0,25
254.0,女,汉,46.0,3.0,IN,5.3,"经区,高区,环翠区,其他",3.92,10400.0,25
257.0,女,汉,49.0,3.0,IN,5.8,"经区,高区,环翠区",3.54,9888.0,25
344.0,女,汉,51.0,0.0,IN,9.0,"经区,高区,环翠区,其他",4.53,11000.0,25
386.0,女,汉,51.0,0.0,IN,4.6,"经区,高区,环翠区",4.53,12800.0,25
360.0,女,汉,48.0,0.0,IN,1.6,经区,2.87,3250.0,56
371.0,女,汉,57.0,3.0,IN,0.5,环翠区,2.85,3800.0,56
377.0,女,汉,52.0,3.0,IN,7.7,高区,3.18,6200.0,56
390.0,女,汉,43.0,3.0,IN,6.0,"经区,高区,环翠区",3.04,5400.0,56
391.0,女,汉,49.0,0.0,IN,1.2,"经区,高区,环翠区,其他",1.71,5600.0,56
393.0,女,汉,47.0,0.0,IN,5.9,"经区,高区,环翠区,其他",2.04,5150.0,56
401.0,女,汉,48.0,3.0,IN,4.6,"经区,高区,环翠区",2.55,3250.0,56
411.0,女,汉,54.0,3.0,IN,1.3,"经区,高区,环翠区,其他",2.15,6200.0,56
415.0,女,汉,55.0,0.0,IN,8.3,"经区,高区,环翠区,其他",3.89,4000.0,56
420.0,女,汉,47.0,2.0,IN,1.5,"经区,高区,环翠区",1.2,6700.0,56
422.0,女,汉,51.0,3.0,IN,1.6,"高区,环翠区",3.43,3800.0,56
425.0,女,汉,51.0,3.0,IN,4.1,"高区,环翠区,其他",4.98,5400.0,56
4.0,女,汉,48.0,3.0,IN,1.8,"经区,高区,环翠区,其他",3.6,23640.0,123
6.0,女,汉,52.0,3.0,IN,6.6,"经区,环翠区",2.48,13260.0,123
9.0,女,汉,45.0,4.0,IN,7.9,"经区,环翠区",4.86,15846.0,123
15.0,女,汉,40.0,3.0,IN,2.7,"经区,高区,环翠区",3.9,19140.0,123
94.0,女,汉,49.0,3.0,IN,1.8,"经区,高区,环翠区",4.72,18180.0,123
95.0,女,汉,46.0,3.0,IN,8.6,"经区,高区,环翠区,其他",1.13,17260.0,123
96.0,女,汉,43.0,3.0,IN,5.5,"经区,高区,环翠区",3.82,17180.0,123
97.0,女,汉,44.0,3.0,IN,0.3,"经区,高区,环翠区",2.36,15488.0,123
98.0,女,汉,49.0,2.0,IN,1.8,"经区,高区,环翠区",2.07,12680.0,123
99.0,女,汉,44.0,3.0,IN,4.1,"经区,高区,环翠区,其他",1.14,19680.0,123
100.0,女,汉,42.0,2.0,IN,1.5,"经区,环翠区",2.35,12500.0,123
102.0,女,汉,48.0,4.0,IN,7.4,"经区,高区,环翠区",1.23,19480.0,123
105.0,女,汉,46.0,2.0,IN,5.3,"经区,高区,环翠区",4.16,17510.0,123
121.0,女,汉,48.0,3.0,IN,0.1,"经区,环翠区,其他",4.36,16660.0,123
153.0,女,汉,50.0,2.0,IN,3.7,"经区,高区,环翠区",2.9,17070.0,123
161.0,女,汉,46.0,2.0,IN,3.4,"经区,高区,环翠区",1.23,17600.0,123
163.0,女,汉,49.0,2.0,IN,6.8,"经区,高区,环翠区,其他",4.51,12600.0,123
169.0,女,汉,49.0,2.0,IN,4.1,"经区,环翠区",3.17,19320.0,123
170.0,女,汉,44.0,3.0,IN,8.2,"经区,高区,环翠区,其他",1.21,17368.0,123
176.0,女,汉,44.0,2.0,IN,6.4,"经区,高区,环翠区",2.48,14380.0,123
181.0,女,汉,52.0,3.0,IN,1.6,"经区,环翠区",3.18,15980.0,123
208.0,女,汉,43.0,0.0,IN,5.2,"经区,高区,环翠区,其他",2.0,14400.0,123
235.0,女,汉,45.0,3.0,IN,2.9,"经区,高区,环翠区",2.46,13600.0,123
236.0,女,汉,35.0,3.0,IN,9.9,"经区,高区,环翠区,其他",2.09,16600.0,123
257.0,女,汉,49.0,3.0,IN,5.8,"经区,高区,环翠区",3.54,16488.0,123
290.0,女,汉,49.0,3.0,IN,5.2,"经区,高区",1.04,14880.0,123
388.0,女,汉,42.0,3.0,IN,5.8,"经区,环翠区",2.63,13800.0,123
398.0,女,汉,48.0,2.0,IN,7.2,"经区,高区,环翠区",4.19,17206.0,123
400.0,女,汉,49.0,2.0,IN,4.0,"经区,高区,环翠区",4.32,16130.0,123
401.0,女,汉,48.0,3.0,IN,4.6,"经区,高区,环翠区",2.55,13500.0,123
403.0,女,汉,36.0,2.0,IN,2.4,"经区,高区,环翠区",1.74,19873.0,123
404.0,女,汉,54.0,0.0,IN,8.8,"经区,高区,环翠区",4.4,16000.0,123
405.0,女,汉,34.0,3.0,IN,4.9,"经区,高区,环翠区",4.09,19993.0,123
410.0,女,汉,40.0,3.0,IN,4.0,"经区,高区",3.75,14188.0,123
416.0,女,汉,38.0,3.0,IN,0.2,"经区,高区,环翠区",4.23,12960.0,123
424.0,女,汉,48.0,2.0,IN,8.2,"经区,环翠区",1.51,12450.0,123
427.0,女,汉,39.0,3.0,IN,5.5,"经区,环翠区",4.25,15000.0,123
433.0,女,汉,45.0,0.0,IN,7.9,"高区,环翠区",2.33,13800.0,123
1307.0,女,汉,52.0,2.0,IN,1.8,"经区,高区,环翠区",3.13,14730.0,123
8.0,女,汉,48.0,4.0,IN,6.1,"经区,环翠区",4.8,17400.0,124
9.0,女,汉,45.0,4.0,IN,7.9,"经区,环翠区",4.86,14466.0,124
15.0,女,汉,40.0,3.0,IN,2.7,"经区,高区,环翠区",3.9,19640.0,124
99.0,女,汉,44.0,3.0,IN,4.1,"经区,高区,环翠区,其他",1.14,17800.0,124
167.0,女,汉,51.0,0.0,IN,4.8,"经区,高区",3.23,16400.0,124
173.0,女,汉,50.0,0.0,IN,2.8,高区,3.28,14000.0,124
235.0,女,汉,45.0,3.0,IN,2.9,"经区,高区,环翠区",2.46,12800.0,124
298.0,女,汉,51.0,2.0,IN,4.2,"经区,高区,环翠区",2.59,15500.0,124
328.0,女,汉,50.0,2.0,IN,2.8,其他,2.13,18380.0,124
339.0,女,汉,49.0,2.0,IN,5.6,其他,2.23,18380.0,124
349.0,女,汉,48.0,0.0,IN,2.7,其他,4.9,18380.0,124
350.0,男,汉,24.0,3.0,IN,7.9,"高区,环翠区",3.89,14900.0,124
390.0,女,汉,43.0,3.0,IN,6.0,"经区,高区,环翠区",3.04,13300.0,124
392.0,女,汉,52.0,0.0,IN,5.0,"经区,高区,环翠区",1.08,15000.0,124
398.0,女,汉,48.0,2.0,IN,7.2,"经区,高区,环翠区",4.19,18980.0,124
401.0,女,汉,48.0,3.0,IN,4.6,"经区,高区,环翠区",2.55,15500.0,124
402.0,女,汉,48.0,2.0,IN,3.9,"经区,高区",2.04,17580.0,124
403.0,女,汉,36.0,2.0,IN,2.4,"经区,高区,环翠区",1.74,21973.0,124
404.0,女,汉,54.0,0.0,IN,8.8,"经区,高区,环翠区",4.4,19000.0,124
420.0,女,汉,47.0,2.0,IN,1.5,"经区,高区,环翠区",1.2,20100.0,124
428.0,女,汉,48.0,2.0,IN,4.6,"经区,高区,环翠区",3.13,17100.0,124
430.0,女,汉,53.0,0.0,IN,9.6,"经区,高区,环翠区",1.96,20970.0,124
432.0,女,汉,50.0,2.0,IN,1.6,"高区,环翠区",3.7,14400.0,124
434.0,女,汉,50.0,2.0,IN,3.0,"高区,环翠区",1.6,12570.0,124